<pokedex><pokemon number="385" name="Jirachi"><description rank="0">It is said to have the ability to grant any wish for just one week every thousand years.</description><genders></genders><species>Wish</species><evolution pattern="1" position="0">385</evolution><formes><forme name="Jirachi" index="0"><images/><stats hp="80" attack="80" defense="80" specAttack=" 80" specDefense="80" speed="80"/><types>Steel,Psychic</types><abilities>Serene Grace</abilities><weakness type="Fire" mod="0"/><weakness type="Ground" mod="0"/><height>0.3</height><weight>1.1</weight><formatted-height>0.3 m</formatted-height><formatted-weight>1.1 kg</formatted-weight></forme></formes></pokemon></pokedex>
