<pokedex><pokemon number="504" name="Patrat"><description rank="0">Using food stored in cheek pouches, they can keep watch for days. They use their tails to communicate with others.</description><description rank="1">Extremely cautious, they take shifts to maintain a constant watch of their nest. They feel insecure without a lookout.</description><genders>Male,Female</genders><species>Scout</species><evolution pattern="2" position="0">504,505</evolution><formes><forme name="Patrat Pokémon" index="0"><images/><stats hp="40" attack="40" defense="40" specAttack=" 20" specDefense="20" speed="40"/><types>Normal</types><abilities>Keen Eye,Run Away</abilities><weakness type="Fighting" mod="0"/><height>0.5</height><weight>11.6</weight><formatted-height>0.5 m</formatted-height><formatted-weight>11.6 kg</formatted-weight></forme></formes></pokemon></pokedex>
