<pokedex><pokemon number="436" name="Bronzor"><description rank="0">There are researchers who believe this Pokémon reflected like a mirror in the distant past.</description><genders></genders><species>Bronze</species><evolution pattern="2" position="0">436,437</evolution><formes><forme name="Bronzor" index="0"><images/><stats hp="40" attack="20" defense="60" specAttack=" 20" specDefense="60" speed="20"/><types>Steel,Psychic</types><abilities>Heatproof,Levitate</abilities><weakness type="Fire" mod="0"/><weakness type="Ground" mod="0"/><height>0.5</height><weight>60.5</weight><formatted-height>0.5 m</formatted-height><formatted-weight>60.5 kg</formatted-weight></forme></formes></pokemon></pokedex>
