<pokedex><pokemon number="98" name="Krabby"><description rank="0">It lives in burrows dug on sandy beaches. Its pincers fully grow back if they are broken in battle.</description><genders>Male,Female</genders><species>River Crab</species><evolution pattern="2" position="0">98,99</evolution><formes><forme name="Krabby" index="0"><images/><stats hp="20" attack="80" defense="80" specAttack=" 20" specDefense="20" speed="40"/><types>Water</types><abilities>Hyper Cutter,Shell Armor</abilities><weakness type="Electric" mod="0"/><weakness type="Grass" mod="0"/><height>0.4</height><weight>6.5</weight><formatted-height>0.4 m</formatted-height><formatted-weight>6.5 kg</formatted-weight></forme></formes></pokemon></pokedex>
