<pokedex><pokemon number="634" name="Zweilous"><description rank="0">After it has eaten up all the food in its territory, it moves to another area. Its two heads do not get along.</description><description rank="1">Since their two heads do not get along and compete with each other for food, they always eat too much.</description><genders>Male,Female</genders><species>Hostile</species><evolution pattern="5" position="1">633,634,635</evolution><formes><forme name="Zweilous" index="0"><images/><stats hp="60" attack="80" defense="60" specAttack=" 60" specDefense="60" speed="60"/><types>Dark,Dragon</types><abilities>Hustle</abilities><weakness type="Ice" mod="0"/><weakness type="Fighting" mod="0"/><weakness type="Bug" mod="0"/><weakness type="Dragon" mod="0"/><height>1.4</height><weight>50.0</weight><formatted-height>1.4 m</formatted-height><formatted-weight>50.0 kg</formatted-weight></forme></formes></pokemon></pokedex>
