<pokedex><pokemon number="389" name="Torterra"><description rank="0">Some Pokémon are born on a Torterra&#39;s back and spend their entire life there.</description><genders>Male,Female</genders><species>Continent</species><evolution pattern="5" position="2">387,388,389</evolution><formes><forme name="Torterra" index="0"><images/><stats hp="80" attack="100" defense="80" specAttack=" 60" specDefense="60" speed="60"/><types>Grass,Ground</types><abilities>Overgrow</abilities><weakness type="Ice" mod="1"/><weakness type="Bug" mod="0"/><weakness type="Fire" mod="0"/><weakness type="Flying" mod="0"/><height>2.2</height><weight>310.0</weight><formatted-height>2.2 m</formatted-height><formatted-weight>310.0 kg</formatted-weight></forme></formes></pokemon></pokedex>
