<pokedex><pokemon number="369" name="Relicanth"><description rank="0">A rare Pokémon discovered during a deep-sea exploration. It has not changed in over 100 million years.</description><genders>Male,Female</genders><species>Longevity</species><evolution pattern="1" position="0">369</evolution><formes><forme name="Relicanth" index="0"><images/><stats hp="80" attack="80" defense="100" specAttack=" 40" specDefense="40" speed="60"/><types>Water,Rock</types><abilities>Rock Head,Swift Swim</abilities><weakness type="Grass" mod="1"/><weakness type="Electric" mod="0"/><weakness type="Fighting" mod="0"/><weakness type="Ground" mod="0"/><height>1.0</height><weight>23.4</weight><formatted-height>1.0 m</formatted-height><formatted-weight>23.4 kg</formatted-weight></forme></formes></pokemon></pokedex>
