<pokedex><pokemon number="322" name="Numel"><description rank="0">Its humped back stores intensely hot magma. In rain, the magma cools, slowing its movement.</description><genders>Male,Female</genders><species>Numb</species><evolution pattern="2" position="0">322,323</evolution><formes><forme name="Numel" index="0"><images/><stats hp="40" attack="60" defense="40" specAttack=" 60" specDefense="40" speed="40"/><types>Fire,Ground</types><abilities>Oblivious,Simple</abilities><weakness type="Water" mod="1"/><weakness type="Ground" mod="0"/><height>0.7</height><weight>24.0</weight><formatted-height>0.7 m</formatted-height><formatted-weight>24.0 kg</formatted-weight></forme></formes></pokemon></pokedex>
