<pokedex><pokemon number="305" name="Lairon"><description rank="0">For food, it digs up iron ore. It smashes its steely body against others to fight over territory.</description><genders>Male,Female</genders><species>Iron Armor</species><evolution pattern="5" position="1">304,305,306</evolution><formes><forme name="Lairon" index="0"><images/><stats hp="40" attack="80" defense="100" specAttack=" 40" specDefense="40" speed="40"/><types>Steel,Rock</types><abilities>Rock Head,Sturdy</abilities><weakness type="Fighting" mod="1"/><weakness type="Ground" mod="1"/><weakness type="Water" mod="0"/><height>0.9</height><weight>120.0</weight><formatted-height>0.9 m</formatted-height><formatted-weight>120.0 kg</formatted-weight></forme></formes></pokemon></pokedex>
