<pokedex><pokemon number="136" name="Flareon"><description rank="0">Inhaled air is heated in the flame sac in its body to an intense fire over 3,000 degrees Fahrenheit.</description><genders>Male,Female</genders><species>Flame</species><evolution pattern="9" position="2">133,134,136,197,471,470,196,135</evolution><formes><forme name="Flareon" index="0"><images/><stats hp="40" attack="100" defense="40" specAttack=" 80" specDefense="80" speed="60"/><types>Fire</types><abilities>Flash Fire</abilities><weakness type="Ground" mod="0"/><weakness type="Rock" mod="0"/><weakness type="Water" mod="0"/><height>0.9</height><weight>25.0</weight><formatted-height>0.9 m</formatted-height><formatted-weight>25.0 kg</formatted-weight></forme></formes></pokemon></pokedex>
