<pokedex><pokemon number="649" name="Genesect"><description rank="0">This Pokémon existed 300 million years ago. Team Plasma altered it and attached a cannon to its back.</description><genders></genders><species>Paleozoic</species><evolution pattern="1" position="0">649</evolution><formes><forme name="Genesect Pokémon" index="0"><images/><stats hp="60" attack="100" defense="80" specAttack=" 100" specDefense="60" speed="80"/><types>Bug,Steel</types><abilities>Download</abilities><weakness type="Fire" mod="1"/><height>1.5</height><weight>82.5</weight><formatted-height>1.5 m</formatted-height><formatted-weight>82.5 kg</formatted-weight></forme></formes></pokemon></pokedex>
