<pokedex><pokemon number="521" name="Unfezant"><description rank="0">Males swing their head plumage to threaten opponents. The females&#39; flying abilities surpass those of the males.</description><description rank="1">Males have plumage on their heads. They will never let themselves feel close to anyone other than their Trainers.</description><genders>Male,Female</genders><species>Proud</species><evolution pattern="5" position="2">519,520,521</evolution><formes><forme name="Unfezant" index="0"><images/><stats hp="60" attack="80" defense="60" specAttack=" 60" specDefense="40" speed="80"/><types>Normal,Flying</types><abilities>Big Pecks,Super Luck</abilities><weakness type="Electric" mod="0"/><weakness type="Ice" mod="0"/><weakness type="Rock" mod="0"/><height>1.2</height><weight>29.0</weight><formatted-height>1.2 m</formatted-height><formatted-weight>29.0 kg</formatted-weight></forme></formes></pokemon></pokedex>
