<pokedex><pokemon number="345" name="Lileep"><description rank="0">It lived on the seafloor 100 million years ago and was reanimated scientifically.</description><genders>Male,Female</genders><species>Sea Lily</species><evolution pattern="2" position="0">345,346</evolution><formes><forme name="Lileep" index="0"><images/><stats hp="40" attack="40" defense="60" specAttack=" 60" specDefense="60" speed="20"/><types>Rock,Grass</types><abilities>Suction Cups</abilities><weakness type="Bug" mod="0"/><weakness type="Fighting" mod="0"/><weakness type="Ice" mod="0"/><weakness type="Steel" mod="0"/><height>1.0</height><weight>23.8</weight><formatted-height>1.0 m</formatted-height><formatted-weight>23.8 kg</formatted-weight></forme></formes></pokemon></pokedex>
