<pokedex><pokemon number="275" name="Shiftry"><description rank="0">By flapping its leafy fan, it can whip up gusts of 100 ft/second that can level houses.</description><genders>Male,Female</genders><species>Wicked</species><evolution pattern="5" position="2">273,274,275</evolution><formes><forme name="Shiftry" index="0"><images/><stats hp="60" attack="80" defense="40" specAttack=" 80" specDefense="40" speed="80"/><types>Grass,Dark</types><abilities>Chlorophyll,Early Bird</abilities><weakness type="Bug" mod="1"/><weakness type="Fire" mod="0"/><weakness type="Fighting" mod="0"/><weakness type="Flying" mod="0"/><weakness type="Ice" mod="0"/><weakness type="Poison" mod="0"/><height>1.3</height><weight>59.6</weight><formatted-height>1.3 m</formatted-height><formatted-weight>59.6 kg</formatted-weight></forme></formes></pokemon></pokedex>
