<pokedex><pokemon number="290" name="Nincada"><description rank="0">It grows underground, sensing its surroundings using antennae instead of its virtually blind eyes.</description><genders>Male,Female</genders><species>Trainee</species><evolution pattern="3" position="0">290,291,292</evolution><formes><forme name="Nincada" index="0"><images/><stats hp="20" attack="40" defense="80" specAttack=" 20" specDefense="20" speed="40"/><types>Bug,Ground</types><abilities>Compound Eyes</abilities><weakness type="Fire" mod="0"/><weakness type="Flying" mod="0"/><weakness type="Ice" mod="0"/><weakness type="Water" mod="0"/><height>0.5</height><weight>5.5</weight><formatted-height>0.5 m</formatted-height><formatted-weight>5.5 kg</formatted-weight></forme></formes></pokemon></pokedex>
