<pokedex><pokemon number="243" name="Raikou"><description rank="0">It is said to have fallen with lightning. It can fire thunderbolts from the rain clouds on its back.</description><genders></genders><species>Thunder</species><evolution pattern="1" position="0">243</evolution><formes><forme name="Raikou" index="0"><images/><stats hp="60" attack="80" defense="60" specAttack=" 100" specDefense="80" speed="100"/><types>Electric</types><abilities>Pressure</abilities><weakness type="Ground" mod="0"/><height>1.9</height><weight>178.0</weight><formatted-height>1.9 m</formatted-height><formatted-weight>178.0 kg</formatted-weight></forme></formes></pokemon></pokedex>
