<pokedex><pokemon number="311" name="Plusle"><description rank="0">It cheers on friends with pom-poms made of sparks. It drains power from telephone poles.</description><genders>Male,Female</genders><species>Cheering</species><evolution pattern="1" position="0">311</evolution><formes><forme name="Plusle" index="0"><images/><stats hp="40" attack="40" defense="40" specAttack=" 80" specDefense="60" speed="80"/><types>Electric</types><abilities>Plus</abilities><weakness type="Ground" mod="0"/><height>0.4</height><weight>4.2</weight><formatted-height>0.4 m</formatted-height><formatted-weight>4.2 kg</formatted-weight></forme></formes></pokemon></pokedex>
