<pokedex><pokemon number="555" name="Darmanitan"><description rank="0">Its internal fire burns at 2,500° F, making enough power that it can destroy a dump truck with one punch.</description><description rank="1">When weakened in battle, it transforms into a stone statue. Then it sharpens its mind and fights on mentally.</description><genders>Male,Female</genders><species>Blazing</species><evolution pattern="2" position="1">554,555</evolution><formes><forme name="Darmanitan" index="0"><images/><stats hp="80" attack="120" defense="40" specAttack=" 20" specDefense="40" speed="80"/><types>Fire</types><abilities>Sheer Force</abilities><weakness type="Water" mod="0"/><weakness type="Ground" mod="0"/><weakness type="Rock" mod="0"/><height>1.3</height><weight>92.9</weight><formatted-height>1.3 m</formatted-height><formatted-weight>92.9 kg</formatted-weight></forme><forme name="Zen Mode" index="1"><images/><stats hp="80" attack="120" defense="40" specAttack=" 20" specDefense="40" speed="80"/><types>Fire</types><abilities>Sheer Force</abilities><height>1.3</height><weight>92.9</weight><formatted-height>1.3 m</formatted-height><formatted-weight>92.9 kg</formatted-weight></forme></formes></pokemon></pokedex>
