<pokedex><pokemon number="135" name="Jolteon"><description rank="0">If agitated, it uses electricity to straighten out its fur and launch it in small bunches.</description><genders>Male,Female</genders><species>Lightning</species><evolution pattern="9" position="7">133,134,136,197,471,470,196,135</evolution><formes><forme name="Jolteon" index="0"><images/><stats hp="40" attack="60" defense="40" specAttack=" 100" specDefense="80" speed="120"/><types>Electric</types><abilities>Volt Absorb</abilities><weakness type="Ground" mod="0"/><height>0.8</height><weight>24.5</weight><formatted-height>0.8 m</formatted-height><formatted-weight>24.5 kg</formatted-weight></forme></formes></pokemon></pokedex>
