<pokedex><pokemon number="187" name="Hoppip"><description rank="0">It drifts on winds. It is said that when Hoppip gather in fields and mountains, spring is on the way.</description><genders>Male,Female</genders><species>Cottonweed</species><evolution pattern="5" position="0">187,188,189</evolution><formes><forme name="Hoppip" index="0"><images/><stats hp="20" attack="40" defense="40" specAttack=" 20" specDefense="40" speed="40"/><types>Grass,Flying</types><abilities>Chlorophyll,Leaf Guard</abilities><weakness type="Ice" mod="1"/><weakness type="Fire" mod="0"/><weakness type="Flying" mod="0"/><weakness type="Poison" mod="0"/><weakness type="Rock" mod="0"/><height>0.4</height><weight>0.5</weight><formatted-height>0.4 m</formatted-height><formatted-weight>0.5 kg</formatted-weight></forme></formes></pokemon></pokedex>
