<pokedex><pokemon number="606" name="Beheeyem"><description rank="0">It can manipulate an opponent&#39;s memory. Apparently, it communicates by flashing its three different-colored fingers.</description><description rank="1">It uses psychic power to control an opponent&#39;s brain and tamper with its memories.</description><genders>Male,Female</genders><species>Cerebral</species><evolution pattern="2" position="1">605,606</evolution><formes><forme name="Beheeyem Pokémon" index="0"><images/><stats hp="60" attack="60" defense="60" specAttack=" 100" specDefense="80" speed="40"/><types>Psychic</types><abilities>Synchronize,Telepathy</abilities><weakness type="Bug" mod="0"/><weakness type="Ghost" mod="0"/><weakness type="Dark" mod="0"/><height>1.0</height><weight>34.5</weight><formatted-height>1.0 m</formatted-height><formatted-weight>34.5 kg</formatted-weight></forme></formes></pokemon></pokedex>
