<pokedex><pokemon number="119" name="Seaking"><description rank="0">In autumn, its body becomes more fatty in preparing to propose to a mate. It takes on beautiful colors.</description><genders>Male,Female</genders><species>Goldfish</species><evolution pattern="2" position="1">118,119</evolution><formes><forme name="Seaking" index="0"><images/><stats hp="60" attack="80" defense="60" specAttack=" 60" specDefense="60" speed="60"/><types>Water</types><abilities>Swift Swim,Water Veil</abilities><weakness type="Electric" mod="0"/><weakness type="Grass" mod="0"/><height>1.3</height><weight>39.0</weight><formatted-height>1.3 m</formatted-height><formatted-weight>39.0 kg</formatted-weight></forme></formes></pokemon></pokedex>
