<pokedex><pokemon number="216" name="Teddiursa"><description rank="0">It lets honey soak into its paws so it can lick them all the time. Every set of paws tastes unique.</description><genders>Male,Female</genders><species>Little Bear</species><evolution pattern="2" position="0">216,217</evolution><formes><forme name="Teddiursa" index="0"><images/><stats hp="40" attack="60" defense="40" specAttack=" 40" specDefense="40" speed="40"/><types>Normal</types><abilities>Pickup,Quick Feet</abilities><weakness type="Fighting" mod="0"/><height>0.6</height><weight>8.8</weight><formatted-height>0.6 m</formatted-height><formatted-weight>8.8 kg</formatted-weight></forme></formes></pokemon></pokedex>
