<pokedex><pokemon number="548" name="Petilil"><description rank="0">The leaves on its head are very bitter. Eating one of these leaves is known to refresh a tired body.</description><description rank="1">Since they prefer moist, nutrient-rich soil, the areas where Petilil live are known to be good for growing plants.</description><genders>Female</genders><species>Bulb</species><evolution pattern="2" position="0">548,549</evolution><formes><forme name="Petilil" index="0"><images/><stats hp="40" attack="40" defense="40" specAttack=" 60" specDefense="40" speed="20"/><types>Grass</types><abilities>Chlorophyll,Own Tempo</abilities><weakness type="Fire" mod="0"/><weakness type="Ice" mod="0"/><weakness type="Poison" mod="0"/><weakness type="Flying" mod="0"/><weakness type="Bug" mod="0"/><height>0.5</height><weight>6.6</weight><formatted-height>0.5 m</formatted-height><formatted-weight>6.6 kg</formatted-weight></forme></formes></pokemon></pokedex>
