<pokedex><pokemon number="212" name="Scizor"><description rank="0">It raises its pincers with eyelike markings for intimidation. It also swings them down dangerously.</description><genders>Male,Female</genders><species>Pincer</species><evolution pattern="2" position="1">123,212</evolution><formes><forme name="Scizor" index="0"><images/><stats hp="60" attack="100" defense="80" specAttack=" 40" specDefense="60" speed="60"/><types>Bug,Steel</types><abilities>Swarm,Technician</abilities><weakness type="Fire" mod="1"/><height>1.8</height><weight>118.0</weight><formatted-height>1.8 m</formatted-height><formatted-weight>118.0 kg</formatted-weight></forme></formes></pokemon></pokedex>
