<pokedex><pokemon number="33" name="Nidorino"><description rank="0">It has a violent disposition and stabs foes with its horn, which oozes poison upon impact.</description><genders>Male</genders><species>Poison Pin</species><evolution pattern="5" position="1">32,33,34</evolution><formes><forme name="Nidorino" index="0"><images/><stats hp="40" attack="60" defense="40" specAttack=" 40" specDefense="40" speed="60"/><types>Poison</types><abilities>Poison Point,Rivalry</abilities><weakness type="Ground" mod="0"/><weakness type="Psychic" mod="0"/><height>0.9</height><weight>19.5</weight><formatted-height>0.9 m</formatted-height><formatted-weight>19.5 kg</formatted-weight></forme></formes></pokemon></pokedex>
