<pokedex><pokemon number="42" name="Golbat"><description rank="0">Its sharp fangs puncture the toughest of hides and have small holes for greedily sucking blood.</description><genders>Male,Female</genders><species>Bat</species><evolution pattern="5" position="1">41,42,169</evolution><formes><forme name="Golbat" index="0"><images/><stats hp="60" attack="60" defense="60" specAttack=" 60" specDefense="60" speed="80"/><types>Poison,Flying</types><abilities>Inner Focus</abilities><weakness type="Electric" mod="0"/><weakness type="Ice" mod="0"/><weakness type="Psychic" mod="0"/><weakness type="Rock" mod="0"/><height>1.6</height><weight>55.0</weight><formatted-height>1.6 m</formatted-height><formatted-weight>55.0 kg</formatted-weight></forme></formes></pokemon></pokedex>
