<pokedex><pokemon number="598" name="Ferrothorn"><description rank="0">It fights by swinging around its three spiky feelers. A hit from these steel spikes can reduce a boulder to rubble.</description><description rank="1">They attach themselves to cave ceilings, firing steel spikes at targets passing beneath them.</description><genders>Male,Female</genders><species>Thorn Pod</species><evolution pattern="2" position="1">597,598</evolution><formes><forme name="Ferrothorn" index="0"><images/><stats hp="60" attack="80" defense="100" specAttack=" 40" specDefense="100" speed="20"/><types>Grass,Steel</types><abilities>Iron Barbs</abilities><weakness type="Fire" mod="1"/><weakness type="Fighting" mod="0"/><height>1.0</height><weight>110.0</weight><formatted-height>1.0 m</formatted-height><formatted-weight>110.0 kg</formatted-weight></forme></formes></pokemon></pokedex>
