<pokedex><pokemon number="395" name="Empoleon"><description rank="0">If anyone were to hurt its pride, it would slash them with wings that can cleave through an ice floe.</description><genders>Male,Female</genders><species>Emperor</species><evolution pattern="5" position="2">393,394,395</evolution><formes><forme name="Empoleon" index="0"><images/><stats hp="60" attack="80" defense="60" specAttack=" 100" specDefense="80" speed="60"/><types>Water,Steel</types><abilities>Torrent</abilities><weakness type="Electric" mod="0"/><weakness type="Fighting" mod="0"/><weakness type="Ground" mod="0"/><height>1.7</height><weight>84.5</weight><formatted-height>1.7 m</formatted-height><formatted-weight>84.5 kg</formatted-weight></forme></formes></pokemon></pokedex>
