<pokedex><pokemon number="359" name="Absol"><description rank="0">Rumored to sense disasters with its horn, it became a target. It fled deep into the mountains.</description><genders>Male,Female</genders><species>Disaster</species><evolution pattern="1" position="0">359</evolution><formes><forme name="Absol" index="0"><images/><stats hp="40" attack="100" defense="40" specAttack=" 60" specDefense="40" speed="60"/><types>Dark</types><abilities>Pressure,Super Luck</abilities><weakness type="Fighting" mod="0"/><weakness type="Bug" mod="0"/><height>1.2</height><weight>47.0</weight><formatted-height>1.2 m</formatted-height><formatted-weight>47.0 kg</formatted-weight></forme></formes></pokemon></pokedex>
