<pokedex><pokemon number="610" name="Axew"><description rank="0">They use their tusks to crush the berries they eat. Repeated regrowth makes their tusks strong and sharp.</description><description rank="1">They mark their territory by leaving gashes in trees with their tusks. If a tusk breaks, a new one grows in quickly.</description><genders>Male,Female</genders><species>Tusk</species><evolution pattern="5" position="0">610,611,612</evolution><formes><forme name="Axew Pokémon" index="0"><images/><stats hp="40" attack="80" defense="40" specAttack=" 20" specDefense="20" speed="60"/><types>Dragon</types><abilities>Mold Breaker,Rivalry</abilities><weakness type="Ice" mod="0"/><weakness type="Dragon" mod="0"/><height>0.6</height><weight>18.0</weight><formatted-height>0.6 m</formatted-height><formatted-weight>18.0 kg</formatted-weight></forme></formes></pokemon></pokedex>
