<pokedex><pokemon number="462" name="Magnezone"><description rank="0">A group tried to use scientific means to make Magnezone evolve, but their efforts ended in failure.</description><genders></genders><species>Magnet Area</species><evolution pattern="5" position="2">81,82,462</evolution><formes><forme name="Magnezone" index="0"><images/><stats hp="60" attack="60" defense="100" specAttack=" 120" specDefense="80" speed="60"/><types>Electric,Steel</types><abilities>Magnet Pull,Sturdy</abilities><weakness type="Ground" mod="1"/><weakness type="Fire" mod="0"/><weakness type="Fighting" mod="0"/><height>1.2</height><weight>180.0</weight><formatted-height>1.2 m</formatted-height><formatted-weight>180.0 kg</formatted-weight></forme></formes></pokemon></pokedex>
