<pokedex><pokemon number="91" name="Cloyster"><description rank="0">It fights by keeping its shell tightly shut for protection and by shooting spikes to repel foes.</description><genders>Male,Female</genders><species>Bivalve</species><evolution pattern="2" position="1">90,91</evolution><formes><forme name="Cloyster" index="0"><images/><stats hp="40" attack="80" defense="120" specAttack=" 80" specDefense="40" speed="60"/><types>Water,Ice</types><abilities>Shell Armor,Skill Link</abilities><weakness type="Electric" mod="0"/><weakness type="Fighting" mod="0"/><weakness type="Grass" mod="0"/><weakness type="Rock" mod="0"/><height>1.5</height><weight>132.5</weight><formatted-height>1.5 m</formatted-height><formatted-weight>132.5 kg</formatted-weight></forme></formes></pokemon></pokedex>
