<pokedex><pokemon number="287" name="Slakoth"><description rank="0">It spends nearly all its time in a day sprawled out. Just seeing it makes one drowsy.</description><genders>Male,Female</genders><species>Slacker</species><evolution pattern="5" position="0">287,288,289</evolution><formes><forme name="Slakoth" index="0"><images/><stats hp="40" attack="60" defense="40" specAttack=" 20" specDefense="20" speed="20"/><types>Normal</types><abilities>Truant</abilities><weakness type="Fighting" mod="0"/><height>0.8</height><weight>24.0</weight><formatted-height>0.8 m</formatted-height><formatted-weight>24.0 kg</formatted-weight></forme></formes></pokemon></pokedex>
