<pokedex><pokemon number="215" name="Sneasel"><description rank="0">A smart and sneaky Pokémon. A pair may work together to steal eggs by having one lure the parents away.</description><genders>Male,Female</genders><species>Sharp Claw</species><evolution pattern="2" position="0">215,461</evolution><formes><forme name="Sneasel" index="0"><images/><stats hp="40" attack="80" defense="40" specAttack=" 20" specDefense="60" speed="100"/><types>Dark,Ice</types><abilities>Inner Focus,Keen Eye</abilities><weakness type="Fighting" mod="1"/><weakness type="Bug" mod="0"/><weakness type="Fire" mod="0"/><weakness type="Rock" mod="0"/><weakness type="Steel" mod="0"/><height>0.9</height><weight>28.0</weight><formatted-height>0.9 m</formatted-height><formatted-weight>28.0 kg</formatted-weight></forme></formes></pokemon></pokedex>
