<pokedex><pokemon number="200" name="Misdreavus"><description rank="0">A Pokémon that startles people in the middle of the night. It gathers fear as its energy.</description><genders>Male,Female</genders><species>Screech</species><evolution pattern="2" position="0">200,429</evolution><formes><forme name="Misdreavus" index="0"><images/><stats hp="40" attack="60" defense="40" specAttack=" 80" specDefense="60" speed="80"/><types>Ghost</types><abilities>Levitate</abilities><weakness type="Dark" mod="0"/><weakness type="Ghost" mod="0"/><height>0.7</height><weight>1.0</weight><formatted-height>0.7 m</formatted-height><formatted-weight>1.0 kg</formatted-weight></forme></formes></pokemon></pokedex>
