<pokedex><pokemon number="333" name="Swablu"><description rank="0">It can&#39;t relax if it or its surroundings are not clean. It wipes off dirt with its wings.</description><genders>Male,Female</genders><species>Cotton Bird</species><evolution pattern="2" position="0">333,334</evolution><formes><forme name="Swablu" index="0"><images/><stats hp="40" attack="40" defense="40" specAttack=" 40" specDefense="60" speed="40"/><types>Normal,Flying</types><abilities>Natural Cure</abilities><weakness type="Electric" mod="0"/><weakness type="Ice" mod="0"/><weakness type="Rock" mod="0"/><height>0.4</height><weight>1.2</weight><formatted-height>0.4 m</formatted-height><formatted-weight>1.2 kg</formatted-weight></forme></formes></pokemon></pokedex>
