<pokedex><pokemon number="150" name="Mewtwo"><description rank="0">A Pokémon created by recombining Mew&#39;s genes. It&#39;s said to have the most savage heart among Pokémon.</description><genders></genders><species>Genetic</species><evolution pattern="1" position="0">150</evolution><formes><forme name="Mewtwo" index="0"><images/><stats hp="80" attack="100" defense="80" specAttack=" 120" specDefense="80" speed="120"/><types>Psychic</types><abilities>Pressure</abilities><weakness type="Bug" mod="0"/><weakness type="Dark" mod="0"/><weakness type="Ghost" mod="0"/><height>2.0</height><weight>122.0</weight><formatted-height>2.0 m</formatted-height><formatted-weight>122.0 kg</formatted-weight></forme></formes></pokemon></pokedex>
