<pokedex><pokemon number="487" name="Giratina"><description rank="0">It was banished for its violence. It silently gazed upon the old world from the Distortion World.</description><genders></genders><species>Renegade</species><evolution pattern="1" position="0">487</evolution><formes><forme name="Origin Forme" index="0"><images/><stats hp="120" attack="100" defense="80" specAttack=" 100" specDefense="80" speed="80"/><types>Ghost,Dragon</types><abilities>Levitate</abilities><weakness type="Dark" mod="0"/><weakness type="Dragon" mod="0"/><weakness type="Ghost" mod="0"/><weakness type="Ice" mod="0"/><height>4.5</height><weight>750.0</weight><formatted-height>4.5 m</formatted-height><formatted-weight>750.0 kg</formatted-weight></forme><forme name="Altered Forme" index="1"><images/><stats hp="120" attack="100" defense="80" specAttack=" 100" specDefense="80" speed="80"/><types>Ghost,Dragon</types><abilities>Pressure</abilities><weakness type="Dark" mod="0"/><weakness type="Dragon" mod="0"/><weakness type="Ghost" mod="0"/><weakness type="Ice" mod="0"/><height>4.5</height><weight>750.0</weight><formatted-height>4.5 m</formatted-height><formatted-weight>750.0 kg</formatted-weight></forme></formes></pokemon></pokedex>
