<pokedex><pokemon number="207" name="Gligar"><description rank="0">It glides as if sliding. It startles foes by clamping on to their faces, then jabs with its poison stinger.</description><genders>Male,Female</genders><species>Flyscorpion</species><evolution pattern="2" position="0">207,472</evolution><formes><forme name="Gligar" index="0"><images/><stats hp="40" attack="60" defense="80" specAttack=" 20" specDefense="40" speed="80"/><types>Ground,Flying</types><abilities>Hyper Cutter,Sand Veil</abilities><weakness type="Ice" mod="1"/><weakness type="Water" mod="0"/><height>1.1</height><weight>64.8</weight><formatted-height>1.1 m</formatted-height><formatted-weight>64.8 kg</formatted-weight></forme></formes></pokemon></pokedex>
