<pokedex><pokemon number="556" name="Maractus"><description rank="0">It uses an up-tempo song and dance to drive away the bird Pokémon that prey on its flower seeds.</description><description rank="1">Arid regions are their habitat. They move rhythmically, making a sound similar to maracas.</description><genders>Male,Female</genders><species>Cactus</species><evolution pattern="1" position="0">556</evolution><formes><forme name="Maractus" index="0"><images/><stats hp="60" attack="80" defense="60" specAttack=" 100" specDefense="60" speed="60"/><types>Grass</types><abilities>Chlorophyll,Water Absorb</abilities><weakness type="Fire" mod="0"/><weakness type="Ice" mod="0"/><weakness type="Poison" mod="0"/><weakness type="Flying" mod="0"/><weakness type="Bug" mod="0"/><height>1.0</height><weight>28.0</weight><formatted-height>1.0 m</formatted-height><formatted-weight>28.0 kg</formatted-weight></forme></formes></pokemon></pokedex>
