<pokedex><pokemon number="483" name="Dialga"><description rank="0">A legendary Pokémon of Sinnoh. It is said that time flows when Dialga&#39;s heart beats.</description><genders></genders><species>Temporal</species><evolution pattern="1" position="0">483</evolution><formes><forme name="Dialga" index="0"><images/><stats hp="80" attack="100" defense="100" specAttack=" 120" specDefense="80" speed="80"/><types>Steel,Dragon</types><abilities>Pressure</abilities><weakness type="Fighting" mod="0"/><weakness type="Ground" mod="0"/><height>5.4</height><weight>683.0</weight><formatted-height>5.4 m</formatted-height><formatted-weight>683.0 kg</formatted-weight></forme></formes></pokemon></pokedex>
