<pokedex><pokemon number="605" name="Elgyem"><description rank="0">It uses its strong psychic power to squeeze its opponent&#39;s brain, causing unendurable headaches.</description><description rank="1">This Pokémon had never been seen until it appeared from far in the desert 50 years ago.</description><genders>Male,Female</genders><species>Cerebral</species><evolution pattern="2" position="0">605,606</evolution><formes><forme name="Elgyem" index="0"><images/><stats hp="40" attack="40" defense="40" specAttack=" 80" specDefense="40" speed="20"/><types>Psychic</types><abilities>Synchronize,Telepathy</abilities><weakness type="Bug" mod="0"/><weakness type="Ghost" mod="0"/><weakness type="Dark" mod="0"/><height>0.5</height><weight>9.0</weight><formatted-height>0.5 m</formatted-height><formatted-weight>9.0 kg</formatted-weight></forme></formes></pokemon></pokedex>
