<pokedex><pokemon number="523" name="Zebstrika"><description rank="0">They have lightning-like movements. When Zebstrika run at full speed, the sound of thunder reverberates.</description><description rank="1">This ill-tempered Pokémon is dangerous because when it&#39;s angry, it shoots lightning from its mane in all directions.</description><genders>Male,Female</genders><species>Thunderbolt</species><evolution pattern="2" position="1">522,523</evolution><formes><forme name="Zebstrika" index="0"><images/><stats hp="60" attack="80" defense="60" specAttack=" 80" specDefense="40" speed="100"/><types>Electric</types><abilities>Lightningrod,Motor Drive</abilities><weakness type="Ground" mod="0"/><height>1.6</height><weight>79.5</weight><formatted-height>1.6 m</formatted-height><formatted-weight>79.5 kg</formatted-weight></forme></formes></pokemon></pokedex>
