<pokedex><pokemon number="232" name="Donphan"><description rank="0">It attacks by curling up, then rolling into its foe. It can blow apart a house in one hit.</description><genders>Male,Female</genders><species>Armor</species><evolution pattern="2" position="1">231,232</evolution><formes><forme name="Donphan" index="0"><images/><stats hp="60" attack="100" defense="100" specAttack=" 60" specDefense="40" speed="40"/><types>Ground</types><abilities>Sturdy</abilities><weakness type="Grass" mod="0"/><weakness type="Ice" mod="0"/><weakness type="Water" mod="0"/><height>1.1</height><weight>120.0</weight><formatted-height>1.1 m</formatted-height><formatted-weight>120.0 kg</formatted-weight></forme></formes></pokemon></pokedex>
