<pokedex><pokemon number="502" name="Dewott"><description rank="0">Strict training is how it learns its flowing double-scalchop technique.</description><description rank="1">Scalchop techniques differ from one Dewott to another. It never neglects maintaining its scalchops.</description><genders>Male,Female</genders><species>Discipline</species><evolution pattern="5" position="1">501,502,503</evolution><formes><forme name="Dewott Pokémon" index="0"><images/><stats hp="60" attack="60" defense="40" specAttack=" 80" specDefense="40" speed="60"/><types>Water</types><abilities>Torrent</abilities><weakness type="Grass" mod="0"/><weakness type="Electric" mod="0"/><height>0.8</height><weight>24.5</weight><formatted-height>0.8 m</formatted-height><formatted-weight>24.5 kg</formatted-weight></forme></formes></pokemon></pokedex>
