<pokedex><pokemon number="512" name="Simisage"><description rank="0">Ill tempered, it fights by swinging its barbed tail around wildly. The leaf growing on its head is very bitter.</description><description rank="1">It attacks enemies with strikes of its thorn-covered tail. This Pokémon is wild tempered.</description><genders>Male,Female</genders><species>Thorn Monkey</species><evolution pattern="2" position="1">511,512</evolution><formes><forme name="Simisage Pokémon" index="0"><images/><stats hp="60" attack="80" defense="60" specAttack=" 80" specDefense="40" speed="80"/><types>Grass</types><abilities>Gluttony</abilities><weakness type="Fire" mod="0"/><weakness type="Ice" mod="0"/><weakness type="Poison" mod="0"/><weakness type="Flying" mod="0"/><weakness type="Bug" mod="0"/><height>1.1</height><weight>30.5</weight><formatted-height>1.1 m</formatted-height><formatted-weight>30.5 kg</formatted-weight></forme></formes></pokemon></pokedex>
