<pokedex><pokemon number="561" name="Sigilyph"><description rank="0">They never vary the route they fly, because their memories of guarding an ancient city remain steadfast.</description><description rank="1">The guardians of an ancient city, they use their psychic power to attack enemies that invade their territory.</description><genders>Male,Female</genders><species>Avianoid</species><evolution pattern="1" position="0">561</evolution><formes><forme name="Sigilyph " index="0"><images/><stats hp="60" attack="40" defense="60" specAttack=" 100" specDefense="60" speed="80"/><types>Psychic,Flying</types><abilities>Magic Guard,Wonder Skin</abilities><weakness type="Electric" mod="0"/><weakness type="Ice" mod="0"/><weakness type="Rock" mod="0"/><weakness type="Ghost" mod="0"/><weakness type="Dark" mod="0"/><height>1.4</height><weight>14.0</weight><formatted-height>1.4 m</formatted-height><formatted-weight>14.0 kg</formatted-weight></forme></formes></pokemon></pokedex>
