<pokedex><pokemon number="326" name="Grumpig"><description rank="0">It uses black pearls to amplify its psycho-power. It does an odd dance to gain control over foes.</description><genders>Male,Female</genders><species>Manipulate</species><evolution pattern="2" position="1">325,326</evolution><formes><forme name="Grumpig" index="0"><images/><stats hp="60" attack="40" defense="60" specAttack=" 80" specDefense="80" speed="80"/><types>Psychic</types><abilities>Own Tempo,Thick Fat</abilities><weakness type="Bug" mod="0"/><weakness type="Dark" mod="0"/><weakness type="Ghost" mod="0"/><height>0.9</height><weight>71.5</weight><formatted-height>0.9 m</formatted-height><formatted-weight>71.5 kg</formatted-weight></forme></formes></pokemon></pokedex>
