<pokedex><pokemon number="377" name="Regirock"><description rank="0">Its entire body is made of rock. If any part chips off in battle, it attaches rocks to repair itself.</description><genders></genders><species>Rock Peak</species><evolution pattern="1" position="0">377</evolution><formes><forme name="Regirock" index="0"><images/><stats hp="60" attack="80" defense="120" specAttack=" 40" specDefense="80" speed="40"/><types>Rock</types><abilities>Clear Body</abilities><weakness type="Fighting" mod="0"/><weakness type="Grass" mod="0"/><weakness type="Ground" mod="0"/><weakness type="Steel" mod="0"/><weakness type="Water" mod="0"/><height>1.7</height><weight>230.0</weight><formatted-height>1.7 m</formatted-height><formatted-weight>230.0 kg</formatted-weight></forme></formes></pokemon></pokedex>
