<pokedex><pokemon number="433" name="Chingling"><description rank="0">There is an orb inside its mouth. When it hops, the orb bounces all over and makes a ringing sound.</description><genders>Male,Female</genders><species>Bell</species><evolution pattern="2" position="0">433,358</evolution><formes><forme name="Chingling" index="0"><images/><stats hp="40" attack="20" defense="40" specAttack=" 60" specDefense="40" speed="40"/><types>Psychic</types><abilities>Levitate</abilities><weakness type="Bug" mod="0"/><weakness type="Dark" mod="0"/><weakness type="Ghost" mod="0"/><height>0.2</height><weight>0.6</weight><formatted-height>0.2 m</formatted-height><formatted-weight>0.6 kg</formatted-weight></forme></formes></pokemon></pokedex>
