<pokedex><pokemon number="148" name="Dragonair"><description rank="0">If its body takes on an aura, the weather changes instantly. It is said to live in seas and lakes.</description><genders>Male,Female</genders><species>Dragon</species><evolution pattern="5" position="1">147,148,149</evolution><formes><forme name="Dragonair" index="0"><images/><stats hp="40" attack="80" defense="60" specAttack=" 60" specDefense="60" speed="60"/><types>Dragon</types><abilities>Shed Skin</abilities><weakness type="Dragon" mod="0"/><weakness type="Ice" mod="0"/><height>4.0</height><weight>16.5</weight><formatted-height>4.0 m</formatted-height><formatted-weight>16.5 kg</formatted-weight></forme></formes></pokemon></pokedex>
