<pokedex><pokemon number="318" name="Carvanha"><description rank="0">They swarm any foe that invades their territory. Their sharp fangs can tear out boat hulls.</description><genders>Male,Female</genders><species>Savage</species><evolution pattern="2" position="0">318,319</evolution><formes><forme name="Carvanha" index="0"><images/><stats hp="40" attack="80" defense="20" specAttack=" 60" specDefense="20" speed="60"/><types>Water,Dark</types><abilities>Rough Skin</abilities><weakness type="Bug" mod="0"/><weakness type="Electric" mod="0"/><weakness type="Fighting" mod="0"/><weakness type="Grass" mod="0"/><height>0.8</height><weight>20.8</weight><formatted-height>0.8 m</formatted-height><formatted-weight>20.8 kg</formatted-weight></forme></formes></pokemon></pokedex>
