<pokedex><pokemon number="546" name="Cottonee"><description rank="0">When attacked, it escapes by shooting cotton from its body. The cotton serves as a decoy to distract the attacker.</description><description rank="1">They go wherever the wind takes them. On rainy days, their bodies are heavier, so they take shelter beneath big trees.</description><genders>Male,Female</genders><species>Cotton Puff</species><evolution pattern="2" position="0">546,547</evolution><formes><forme name="Cottonee" index="0"><images/><stats hp="20" attack="20" defense="40" specAttack=" 40" specDefense="40" speed="60"/><types>Grass</types><abilities>Infiltrator,Prankster</abilities><weakness type="Fire" mod="0"/><weakness type="Ice" mod="0"/><weakness type="Poison" mod="0"/><weakness type="Flying" mod="0"/><weakness type="Bug" mod="0"/><height>0.3</height><weight>0.6</weight><formatted-height>0.3 m</formatted-height><formatted-weight>0.6 kg</formatted-weight></forme></formes></pokemon></pokedex>
