<pokedex><pokemon number="428" name="Lopunny"><description rank="0">The ears appear to be delicate. If they are touched roughly, it kicks with its graceful legs.</description><genders>Male,Female</genders><species>Rabbit</species><evolution pattern="2" position="1">427,428</evolution><formes><forme name="Lopunny" index="0"><images/><stats hp="40" attack="60" defense="60" specAttack=" 40" specDefense="80" speed="100"/><types>Normal</types><abilities>Cute Charm,Klutz</abilities><weakness type="Fighting" mod="0"/><height>1.2</height><weight>33.3</weight><formatted-height>1.2 m</formatted-height><formatted-weight>33.3 kg</formatted-weight></forme></formes></pokemon></pokedex>
