<pokedex><pokemon number="479" name="Rotom"><description rank="0">Its electric-like body can enter some kinds of machines and take control in order to make mischief.</description><genders></genders><species>Plasma</species><evolution pattern="1" position="0">479</evolution><formes><forme name="Frost Rotom" index="1"><images/><stats hp="40" attack="60" defense="80" specAttack=" 100" specDefense="80" speed="80"/><types>Electric,Ghost</types><abilities>Levitate</abilities><weakness type="Dark" mod="0"/><weakness type="Ghost" mod="0"/><height>0.3</height><weight>0.3</weight><formatted-height>0.3 m</formatted-height><formatted-weight>0.3 kg</formatted-weight></forme><forme name="Wash Rotom" index="4"><images/><stats hp="40" attack="60" defense="80" specAttack=" 100" specDefense="80" speed="80"/><types>Electric,Ghost</types><abilities>Levitate</abilities><weakness type="Dark" mod="0"/><weakness type="Ghost" mod="0"/><height>0.3</height><weight>0.3</weight><formatted-height>0.3 m</formatted-height><formatted-weight>0.3 kg</formatted-weight></forme><forme name="Fan Rotom" index="5"><images/><stats hp="40" attack="60" defense="80" specAttack=" 100" specDefense="80" speed="80"/><types>Electric,Ghost</types><abilities>Levitate</abilities><weakness type="Dark" mod="0"/><weakness type="Ghost" mod="0"/><height>0.3</height><weight>0.3</weight><formatted-height>0.3 m</formatted-height><formatted-weight>0.3 kg</formatted-weight></forme><forme name="Mow Rotom" index="3"><images/><stats hp="40" attack="60" defense="80" specAttack=" 100" specDefense="80" speed="80"/><types>Electric,Ghost</types><abilities>Levitate</abilities><weakness type="Dark" mod="0"/><weakness type="Ghost" mod="0"/><height>0.3</height><weight>0.3</weight><formatted-height>0.3 m</formatted-height><formatted-weight>0.3 kg</formatted-weight></forme><forme name="Heat Rotom" index="2"><images/><stats hp="40" attack="60" defense="80" specAttack=" 100" specDefense="80" speed="80"/><types>Electric,Ghost</types><abilities>Levitate</abilities><weakness type="Dark" mod="0"/><weakness type="Ghost" mod="0"/><height>0.3</height><weight>0.3</weight><formatted-height>0.3 m</formatted-height><formatted-weight>0.3 kg</formatted-weight></forme><forme name="Normal Forme" index="0"><images/><stats hp="40" attack="60" defense="80" specAttack=" 100" specDefense="80" speed="80"/><types>Electric,Ghost</types><abilities>Levitate</abilities><height>0.3</height><weight>0.3</weight><formatted-height>0.3 m</formatted-height><formatted-weight>0.3 kg</formatted-weight></forme></formes></pokemon></pokedex>
