<pokedex><pokemon number="471" name="Glaceon"><description rank="0">By controlling its body heat, it can freeze the atmosphere around it to make a diamond-dust flurry.</description><genders>Male,Female</genders><species>Fresh Snow</species><evolution pattern="9" position="4">133,134,136,197,471,470,196,135</evolution><formes><forme name="Glaceon" index="0"><images/><stats hp="40" attack="60" defense="80" specAttack=" 120" specDefense="80" speed="60"/><types>Ice</types><abilities>Snow Cloak</abilities><weakness type="Fire" mod="0"/><weakness type="Fighting" mod="0"/><weakness type="Rock" mod="0"/><weakness type="Steel" mod="0"/><height>0.8</height><weight>25.9</weight><formatted-height>0.8 m</formatted-height><formatted-weight>25.9 kg</formatted-weight></forme></formes></pokemon></pokedex>
