<pokedex><pokemon number="336" name="Seviper"><description rank="0">For many generations, it has feuded with Zangoose. It whets its bladed tail on rocks for battle.</description><genders>Male,Female</genders><species>Fang Snake</species><evolution pattern="1" position="0">336</evolution><formes><forme name="Seviper" index="0"><images/><stats hp="60" attack="80" defense="40" specAttack=" 80" specDefense="40" speed="60"/><types>Poison</types><abilities>Shed Skin</abilities><weakness type="Ground" mod="0"/><weakness type="Psychic" mod="0"/><height>2.7</height><weight>52.5</weight><formatted-height>2.7 m</formatted-height><formatted-weight>52.5 kg</formatted-weight></forme></formes></pokemon></pokedex>
