<pokedex><pokemon number="567" name="Archeops"><description rank="0">They are intelligent and will cooperate to catch prey. From the ground, they use a running start to take flight.</description><description rank="1">It runs better than it flies. It catches prey by running at speeds comparable to those of an automobile.</description><genders>Male,Female</genders><species>First Bird</species><evolution pattern="2" position="1">566,567</evolution><formes><forme name="Archeops " index="0"><images/><stats hp="60" attack="120" defense="60" specAttack=" 100" specDefense="40" speed="100"/><types>Rock,Flying</types><abilities>Defeatist</abilities><weakness type="Water" mod="0"/><weakness type="Electric" mod="0"/><weakness type="Ice" mod="0"/><weakness type="Rock" mod="0"/><weakness type="Steel" mod="0"/><height>1.4</height><weight>32.0</weight><formatted-height>1.4 m</formatted-height><formatted-weight>32.0 kg</formatted-weight></forme></formes></pokemon></pokedex>
