<pokedex><pokemon number="185" name="Sudowoodo"><description rank="0">To avoid being attacked, it does nothing but mimic a tree. It hates water and flees from rain.</description><genders>Male,Female</genders><species>Imitation</species><evolution pattern="2" position="1">438,185</evolution><formes><forme name="Sudowoodo" index="0"><images/><stats hp="60" attack="80" defense="100" specAttack=" 20" specDefense="40" speed="20"/><types>Rock</types><abilities>Rock Head,Sturdy</abilities><weakness type="Fighting" mod="0"/><weakness type="Grass" mod="0"/><weakness type="Ground" mod="0"/><weakness type="Steel" mod="0"/><weakness type="Water" mod="0"/><height>1.2</height><weight>38.0</weight><formatted-height>1.2 m</formatted-height><formatted-weight>38.0 kg</formatted-weight></forme></formes></pokemon></pokedex>
