<pokedex><pokemon number="210" name="Granbull"><description rank="0">It is timid in spite of its looks. If it becomes enraged, however, it will strike with its huge fangs.</description><genders>Male,Female</genders><species>Fairy</species><evolution pattern="2" position="1">209,210</evolution><formes><forme name="Granbull" index="0"><images/><stats hp="60" attack="100" defense="60" specAttack=" 60" specDefense="40" speed="40"/><types>Normal</types><abilities>Intimidate,Quick Feet</abilities><weakness type="Fighting" mod="0"/><height>1.4</height><weight>48.7</weight><formatted-height>1.4 m</formatted-height><formatted-weight>48.7 kg</formatted-weight></forme></formes></pokemon></pokedex>
