<pokedex><pokemon number="628" name="Braviary"><description rank="0">They fight for their friends without any thought about danger to themselves. One can carry a car while flying.</description><description rank="1">The more scars they have, the more respect these brave soldiers of the sky  get from their peers.</description><genders>Male</genders><species>Valiant</species><evolution pattern="2" position="1">627,628</evolution><formes><forme name="Braviary Pokémon" index="0"><images/><stats hp="80" attack="100" defense="60" specAttack=" 40" specDefense="60" speed="80"/><types>Normal,Flying</types><abilities>Keen Eye,Sheer Force</abilities><weakness type="Electric" mod="0"/><weakness type="Ice" mod="0"/><weakness type="Rock" mod="0"/><height>1.5</height><weight>41.0</weight><formatted-height>1.5 m</formatted-height><formatted-weight>41.0 kg</formatted-weight></forme></formes></pokemon></pokedex>
