<pokedex><pokemon number="330" name="Flygon"><description rank="0">It whips up sandstorms with powerful flaps of its wings. It is known as &quot;The Desert Spirit.&quot;</description><genders>Male,Female</genders><species>Mystic</species><evolution pattern="5" position="2">328,329,330</evolution><formes><forme name="Flygon" index="0"><images/><stats hp="60" attack="80" defense="60" specAttack=" 80" specDefense="60" speed="80"/><types>Ground,Dragon</types><abilities>Levitate</abilities><weakness type="Ice" mod="1"/><weakness type="Dragon" mod="0"/><height>2.0</height><weight>82.0</weight><formatted-height>2.0 m</formatted-height><formatted-weight>82.0 kg</formatted-weight></forme></formes></pokemon></pokedex>
