<pokedex><pokemon number="334" name="Altaria"><description rank="0">If it bonds with a person, it will gently envelop the friend with its soft wings, then hum.</description><genders>Male,Female</genders><species>Humming</species><evolution pattern="2" position="1">333,334</evolution><formes><forme name="Altaria" index="0"><images/><stats hp="60" attack="60" defense="80" specAttack=" 60" specDefense="80" speed="80"/><types>Dragon,Flying</types><abilities>Natural Cure</abilities><weakness type="Ice" mod="1"/><weakness type="Dragon" mod="0"/><weakness type="Rock" mod="0"/><height>1.1</height><weight>20.6</weight><formatted-height>1.1 m</formatted-height><formatted-weight>20.6 kg</formatted-weight></forme></formes></pokemon></pokedex>
