<pokedex><pokemon number="172" name="Pichu"><description rank="0">The electric sacs in its cheeks are small. If even a little electricity leaks, it becomes shocked.</description><genders>Male,Female</genders><species>Tiny Mouse</species><evolution pattern="5" position="0">172,25,26</evolution><formes><forme name="Pichu" index="0"><images/><stats hp="20" attack="40" defense="20" specAttack=" 20" specDefense="20" speed="60"/><types>Electric</types><abilities>Static</abilities><weakness type="Ground" mod="0"/><height>0.3</height><weight>2.0</weight><formatted-height>0.3 m</formatted-height><formatted-weight>2.0 kg</formatted-weight></forme></formes></pokemon></pokedex>
