<pokedex><pokemon number="131" name="Lapras"><description rank="0">It loves crossing the sea with people and Pokémon on its back. It understands human speech.</description><genders>Male,Female</genders><species>Transport</species><evolution pattern="1" position="0">131</evolution><formes><forme name="Lapras" index="0"><images/><stats hp="100" attack="80" defense="60" specAttack=" 80" specDefense="80" speed="60"/><types>Water,Ice</types><abilities>Shell Armor,Water Absorb</abilities><weakness type="Electric" mod="0"/><weakness type="Fighting" mod="0"/><weakness type="Grass" mod="0"/><weakness type="Rock" mod="0"/><height>2.5</height><weight>220.0</weight><formatted-height>2.5 m</formatted-height><formatted-weight>220.0 kg</formatted-weight></forme></formes></pokemon></pokedex>
