<pokedex><pokemon number="204" name="Pineco"><description rank="0">It looks just like a pinecone. Its shell protects it from bird Pokémon that peck it by mistake.</description><genders>Male,Female</genders><species>Bagworm</species><evolution pattern="2" position="0">204,205</evolution><formes><forme name="Pineco" index="0"><images/><stats hp="40" attack="60" defense="80" specAttack=" 20" specDefense="20" speed="20"/><types>Bug</types><abilities>Sturdy</abilities><weakness type="Fire" mod="0"/><weakness type="Flying" mod="0"/><weakness type="Rock" mod="0"/><height>0.6</height><weight>7.2</weight><formatted-height>0.6 m</formatted-height><formatted-weight>7.2 kg</formatted-weight></forme></formes></pokemon></pokedex>
