<pokedex><pokemon number="110" name="Weezing"><description rank="0">It grows by feeding on gases released by garbage. Though very rare, triplets have been found.</description><genders>Male,Female</genders><species>Poison Gas</species><evolution pattern="2" position="1">109,110</evolution><formes><forme name="Weezing" index="0"><images/><stats hp="40" attack="80" defense="100" specAttack=" 80" specDefense="60" speed="60"/><types>Poison</types><abilities>Levitate</abilities><weakness type="Psychic" mod="0"/><height>1.2</height><weight>9.5</weight><formatted-height>1.2 m</formatted-height><formatted-weight>9.5 kg</formatted-weight></forme></formes></pokemon></pokedex>
