<pokedex><pokemon number="86" name="Seel"><description rank="0">A Pokémon that lives on icebergs. It swims in the sea using the point on its head to break up ice.</description><genders>Male,Female</genders><species>Sea Lion</species><evolution pattern="2" position="0">86,87</evolution><formes><forme name="Seel" index="0"><images/><stats hp="40" attack="40" defense="40" specAttack=" 40" specDefense="60" speed="40"/><types>Water</types><abilities>Hydration,Thick Fat</abilities><weakness type="Electric" mod="0"/><weakness type="Grass" mod="0"/><height>1.1</height><weight>90.0</weight><formatted-height>1.1 m</formatted-height><formatted-weight>90.0 kg</formatted-weight></forme></formes></pokemon></pokedex>
