<pokedex><pokemon number="540" name="Sewaddle"><description rank="0">Leavanny dress it in clothes they made for it when it hatched. It hides its head in its hood while it is sleeping.</description><description rank="1">This Pokémon makes clothes for itself. It chews up leaves and sews them with sticky thread extruded from its mouth.</description><genders>Male,Female</genders><species>Sewing</species><evolution pattern="5" position="0">540,541,542</evolution><formes><forme name="Sewaddle Pokémon" index="0"><images/><stats hp="40" attack="40" defense="60" specAttack=" 40" specDefense="40" speed="40"/><types>Bug,Grass</types><abilities>Chlorophyll,Swarm</abilities><weakness type="Fire" mod="1"/><weakness type="Flying" mod="1"/><weakness type="Ice" mod="0"/><weakness type="Poison" mod="0"/><weakness type="Bug" mod="0"/><weakness type="Rock" mod="0"/><height>0.3</height><weight>2.5</weight><formatted-height>0.3 m</formatted-height><formatted-weight>2.5 kg</formatted-weight></forme></formes></pokemon></pokedex>
