<pokedex><pokemon number="351" name="Castform"><description rank="0">Its appearance changes with the weather. Recently, its molecules were found to be just like water.</description><genders>Male,Female</genders><species>Weather</species><evolution pattern="1" position="0">351</evolution><formes><forme name="Castform" index="0"><images/><stats hp="60" attack="60" defense="60" specAttack=" 60" specDefense="60" speed="60"/><types>Normal</types><abilities>Forecast</abilities><weakness type="Fighting" mod="0"/><height>0.3</height><weight>0.8</weight><formatted-height>0.3 m</formatted-height><formatted-weight>0.8 kg</formatted-weight></forme></formes></pokemon></pokedex>
