<pokedex><pokemon number="176" name="Togetic"><description rank="0">To share its happiness, it flies around the world seeking kind- hearted people.</description><genders>Male,Female</genders><species>Happiness</species><evolution pattern="5" position="1">175,176,468</evolution><formes><forme name="Togetic" index="0"><images/><stats hp="40" attack="40" defense="60" specAttack=" 80" specDefense="80" speed="40"/><types>Normal,Flying</types><abilities>Hustle,Serene Grace</abilities><weakness type="Electric" mod="0"/><weakness type="Ice" mod="0"/><weakness type="Rock" mod="0"/><height>0.6</height><weight>3.2</weight><formatted-height>0.6 m</formatted-height><formatted-weight>3.2 kg</formatted-weight></forme></formes></pokemon></pokedex>
