<pokedex><pokemon number="192" name="Sunflora"><description rank="0">It gets energy from warm sunlight and is known for its habit of moving in pursuit of it.</description><genders>Male,Female</genders><species>Sun</species><evolution pattern="2" position="1">191,192</evolution><formes><forme name="Sunflora" index="0"><images/><stats hp="60" attack="60" defense="40" specAttack=" 100" specDefense="60" speed="20"/><types>Grass</types><abilities>Chlorophyll,Solar Power</abilities><weakness type="Bug" mod="0"/><weakness type="Fire" mod="0"/><weakness type="Flying" mod="0"/><weakness type="Ice" mod="0"/><weakness type="Poison" mod="0"/><height>0.8</height><weight>8.5</weight><formatted-height>0.8 m</formatted-height><formatted-weight>8.5 kg</formatted-weight></forme></formes></pokemon></pokedex>
