<pokedex><pokemon number="25" name="Pikachu"><description rank="0">It occasionally uses an electric shock to recharge a fellow Pikachu that is in a weakened state.</description><genders>Male,Female</genders><species>Mouse</species><evolution pattern="5" position="1">172,25,26</evolution><formes><forme name="Pikachu" index="0"><images/><stats hp="20" attack="40" defense="20" specAttack=" 40" specDefense="20" speed="80"/><types>Electric</types><abilities>Static</abilities><weakness type="Ground" mod="0"/><height>0.4</height><weight>6.0</weight><formatted-height>0.4 m</formatted-height><formatted-weight>6.0 kg</formatted-weight></forme></formes></pokemon></pokedex>
