<pokedex><pokemon number="563" name="Cofagrigus"><description rank="0">It has been said that they swallow those who get too close and turn them into mummies. They like to eat gold nuggets.</description><description rank="1">They pretend to be elaborate coffins to teach lessons to grave robbers. Their bodies are covered in pure gold.</description><genders>Male,Female</genders><species>Coffin</species><evolution pattern="2" position="1">562,563</evolution><formes><forme name="Cofagrigus Pokémon" index="0"><images/><stats hp="40" attack="40" defense="120" specAttack=" 80" specDefense="80" speed="20"/><types>Ghost</types><abilities>Mummy</abilities><weakness type="Ghost" mod="0"/><weakness type="Dark" mod="0"/><height>1.7</height><weight>76.5</weight><formatted-height>1.7 m</formatted-height><formatted-weight>76.5 kg</formatted-weight></forme></formes></pokemon></pokedex>
