<pokedex><pokemon number="124" name="Jynx"><description rank="0">Its cries sound like human speech. However, it is impossible to tell what it is trying to say.</description><genders>Female</genders><species>Human Shape</species><evolution pattern="2" position="1">238,124</evolution><formes><forme name="Jynx" index="0"><images/><stats hp="40" attack="40" defense="40" specAttack=" 100" specDefense="80" speed="80"/><types>Ice,Psychic</types><abilities>Forewarn,Oblivious</abilities><weakness type="Bug" mod="0"/><weakness type="Dark" mod="0"/><weakness type="Fire" mod="0"/><weakness type="Ghost" mod="0"/><weakness type="Rock" mod="0"/><weakness type="Steel" mod="0"/><height>1.4</height><weight>40.6</weight><formatted-height>1.4 m</formatted-height><formatted-weight>40.6 kg</formatted-weight></forme></formes></pokemon></pokedex>
