<pokedex><pokemon number="432" name="Purugly"><description rank="0">It binds its body with its tails to make itself look bigger. If it locks eyes, it will glare ceaselessly.</description><genders>Male,Female</genders><species>Tiger Cat</species><evolution pattern="2" position="1">431,432</evolution><formes><forme name="Purugly" index="0"><images/><stats hp="60" attack="60" defense="60" specAttack=" 60" specDefense="40" speed="100"/><types>Normal</types><abilities>Own Tempo,Thick Fat</abilities><weakness type="Fighting" mod="0"/><height>1.0</height><weight>43.8</weight><formatted-height>1.0 m</formatted-height><formatted-weight>43.8 kg</formatted-weight></forme></formes></pokemon></pokedex>
