<pokedex><pokemon number="337" name="Lunatone"><description rank="0">Because it turns active on nights of the full moon, it is said to have some link to the lunar phases.</description><genders></genders><species>Meteorite</species><evolution pattern="1" position="0">337</evolution><formes><forme name="Lunatone" index="0"><images/><stats hp="60" attack="40" defense="60" specAttack=" 80" specDefense="60" speed="60"/><types>Rock,Psychic</types><abilities>Levitate</abilities><weakness type="Bug" mod="0"/><weakness type="Dark" mod="0"/><weakness type="Ghost" mod="0"/><weakness type="Grass" mod="0"/><weakness type="Steel" mod="0"/><weakness type="Water" mod="0"/><height>1.0</height><weight>168.0</weight><formatted-height>1.0 m</formatted-height><formatted-weight>168.0 kg</formatted-weight></forme></formes></pokemon></pokedex>
