<pokedex><pokemon number="599" name="Klink"><description rank="0">The two minigears that mesh together are predetermined. Each will rebound from other minigears without meshing.</description><description rank="1">Interlocking two bodies and spinning around generates the energy they need to live.</description><genders></genders><species>Gear</species><evolution pattern="5" position="0">599,600,601</evolution><formes><forme name="Klink Pokémon" index="0"><images/><stats hp="20" attack="40" defense="60" specAttack=" 40" specDefense="40" speed="20"/><types>Steel</types><abilities>Minus,Plus</abilities><weakness type="Fire" mod="0"/><weakness type="Fighting" mod="0"/><weakness type="Ground" mod="0"/><height>0.3</height><weight>21.0</weight><formatted-height>0.3 m</formatted-height><formatted-weight>21.0 kg</formatted-weight></forme></formes></pokemon></pokedex>
