<pokedex><pokemon number="261" name="Poochyena"><description rank="0">A Pokémon with a persistent nature, it chases its chosen prey until the prey becomes exhausted.</description><genders>Male,Female</genders><species>Bite</species><evolution pattern="2" position="0">261,262</evolution><formes><forme name="Poochyena" index="0"><images/><stats hp="20" attack="40" defense="40" specAttack=" 20" specDefense="20" speed="40"/><types>Dark</types><abilities>Quick Feet,Run Away</abilities><weakness type="Fighting" mod="0"/><weakness type="Bug" mod="0"/><height>0.5</height><weight>13.6</weight><formatted-height>0.5 m</formatted-height><formatted-weight>13.6 kg</formatted-weight></forme></formes></pokemon></pokedex>
