<pokedex><pokemon number="126" name="Magmar"><description rank="0">When it breathes deeply, heat waves form around its body, making it hard to see clearly.</description><genders>Male,Female</genders><species>Spitfire</species><evolution pattern="5" position="1">240,126,467</evolution><formes><forme name="Magmar" index="0"><images/><stats hp="40" attack="80" defense="40" specAttack=" 80" specDefense="60" speed="80"/><types>Fire</types><abilities>Flame Body</abilities><weakness type="Ground" mod="0"/><weakness type="Rock" mod="0"/><weakness type="Water" mod="0"/><height>1.3</height><weight>44.5</weight><formatted-height>1.3 m</formatted-height><formatted-weight>44.5 kg</formatted-weight></forme></formes></pokemon></pokedex>
