<pokedex><pokemon number="16" name="Pidgey"><description rank="0">It is docile and prefers to avoid conflict. If disturbed, however, it can ferociously strike back.</description><genders>Male,Female</genders><species>Tiny Bird</species><evolution pattern="5" position="0">16,17,18</evolution><formes><forme name="Pidgey" index="0"><images/><stats hp="20" attack="40" defense="40" specAttack=" 20" specDefense="20" speed="60"/><types>Normal,Flying</types><abilities>Keen Eye,Tangled Feet</abilities><weakness type="Electric" mod="0"/><weakness type="Ice" mod="0"/><weakness type="Rock" mod="0"/><height>0.3</height><weight>1.8</weight><formatted-height>0.3 m</formatted-height><formatted-weight>1.8 kg</formatted-weight></forme></formes></pokemon></pokedex>
