<pokedex><pokemon number="324" name="Torkoal"><description rank="0">It burns coal inside its shell for energy. It blows out black soot if it is endangered.</description><genders>Male,Female</genders><species>Coal</species><evolution pattern="1" position="0">324</evolution><formes><forme name="Torkoal" index="0"><images/><stats hp="60" attack="80" defense="100" specAttack=" 80" specDefense="60" speed="20"/><types>Fire</types><abilities>White Smoke</abilities><weakness type="Ground" mod="0"/><weakness type="Rock" mod="0"/><weakness type="Water" mod="0"/><height>0.5</height><weight>80.4</weight><formatted-height>0.5 m</formatted-height><formatted-weight>80.4 kg</formatted-weight></forme></formes></pokemon></pokedex>
