<pokedex><pokemon number="632" name="Durant"><description rank="0">They attack in groups, covering themselves in steel armor to protect themselves from Heatmor.</description><description rank="1">Durant dig nests in mountains. They build their complicated, interconnected tunnels into mazes.</description><genders>Male,Female</genders><species>Iron Ant</species><evolution pattern="1" position="0">632</evolution><formes><forme name="Durant Pokémon" index="0"><images/><stats hp="40" attack="100" defense="100" specAttack=" 40" specDefense="40" speed="100"/><types>Bug,Steel</types><abilities>Hustle,Swarm</abilities><weakness type="Fire" mod="1"/><height>0.3</height><weight>33.0</weight><formatted-height>0.3 m</formatted-height><formatted-weight>33.0 kg</formatted-weight></forme></formes></pokemon></pokedex>
