<pokedex><pokemon number="407" name="Roserade"><description rank="0">Each of its hands contains different toxins, but both hands can jab with near-fatal power.</description><genders>Male,Female</genders><species>Bouquet</species><evolution pattern="5" position="2">406,315,407</evolution><formes><forme name="Roserade" index="0"><images/><stats hp="40" attack="60" defense="40" specAttack=" 100" specDefense="80" speed="80"/><types>Grass,Poison</types><abilities>Natural Cure,Poison Point</abilities><weakness type="Fire" mod="0"/><weakness type="Flying" mod="0"/><weakness type="Ice" mod="0"/><weakness type="Psychic" mod="0"/><height>0.9</height><weight>14.5</weight><formatted-height>0.9 m</formatted-height><formatted-weight>14.5 kg</formatted-weight></forme></formes></pokemon></pokedex>
