<pokedex><pokemon number="295" name="Exploud"><description rank="0">Its howls can be heard over six miles away. It emits all sorts of noises from the ports on its body.</description><genders>Male,Female</genders><species>Loud Noise</species><evolution pattern="5" position="2">293,294,295</evolution><formes><forme name="Exploud" index="0"><images/><stats hp="80" attack="80" defense="60" specAttack=" 80" specDefense="40" speed="60"/><types>Normal</types><abilities>Soundproof</abilities><weakness type="Fighting" mod="0"/><height>1.5</height><weight>84.0</weight><formatted-height>1.5 m</formatted-height><formatted-weight>84.0 kg</formatted-weight></forme></formes></pokemon></pokedex>
