<pokedex><pokemon number="151" name="Mew"><description rank="0">Because it can use all kinds of moves, many scientists believe Mew to be the ancestor of Pokémon.</description><genders></genders><species>New Species</species><evolution pattern="1" position="0">151</evolution><formes><forme name="Mew" index="0"><images/><stats hp="80" attack="80" defense="80" specAttack=" 80" specDefense="80" speed="80"/><types>Psychic</types><abilities>Synchronize</abilities><weakness type="Bug" mod="0"/><weakness type="Dark" mod="0"/><weakness type="Ghost" mod="0"/><height>0.4</height><weight>4.0</weight><formatted-height>0.4 m</formatted-height><formatted-weight>4.0 kg</formatted-weight></forme></formes></pokemon></pokedex>
