<pokedex><pokemon number="70" name="Weepinbell"><description rank="0">A Pokémon that appears to be a plant. It captures unwary prey by dousing them with a toxic powder.</description><genders>Male,Female</genders><species>Flycatcher</species><evolution pattern="5" position="1">69,70,71</evolution><formes><forme name="Weepinbell" index="0"><images/><stats hp="40" attack="80" defense="40" specAttack=" 80" specDefense="40" speed="60"/><types>Grass,Poison</types><abilities>Chlorophyll</abilities><weakness type="Fire" mod="0"/><weakness type="Flying" mod="0"/><weakness type="Ice" mod="0"/><weakness type="Psychic" mod="0"/><height>1.0</height><weight>6.4</weight><formatted-height>1.0 m</formatted-height><formatted-weight>6.4 kg</formatted-weight></forme></formes></pokemon></pokedex>
