<pokedex><pokemon number="635" name="Hydreigon"><description rank="0">This brutal Pokémon travels the skies on its six wings. Anything that moves seems like a foe to it, triggering its attack.</description><description rank="1">The heads on their arms do not have brains. They use all three heads to consume and destroy everything.</description><genders>Male,Female</genders><species>Brutal</species><evolution pattern="5" position="2">633,634,635</evolution><formes><forme name="Hydreigon Pokémon" index="0"><images/><stats hp="80" attack="80" defense="80" specAttack=" 100" specDefense="80" speed="80"/><types>Dark,Dragon</types><abilities>Levitate</abilities><weakness type="Ice" mod="0"/><weakness type="Fighting" mod="0"/><weakness type="Bug" mod="0"/><weakness type="Dragon" mod="0"/><height>1.8</height><weight>160.0</weight><formatted-height>1.8 m</formatted-height><formatted-weight>160.0 kg</formatted-weight></forme></formes></pokemon></pokedex>
