<pokedex><pokemon number="358" name="Chimecho"><description rank="0">Its cries echo inside its hollow body to emerge as beautiful notes for startling and repelling foes.</description><genders>Male,Female</genders><species>Wind Chime</species><evolution pattern="2" position="1">433,358</evolution><formes><forme name="Chimecho" index="0"><images/><stats hp="40" attack="40" defense="60" specAttack=" 80" specDefense="60" speed="60"/><types>Psychic</types><abilities>Levitate</abilities><weakness type="Bug" mod="0"/><weakness type="Dark" mod="0"/><weakness type="Ghost" mod="0"/><height>0.6</height><weight>1.0</weight><formatted-height>0.6 m</formatted-height><formatted-weight>1.0 kg</formatted-weight></forme></formes></pokemon></pokedex>
