<pokedex><pokemon number="366" name="Clamperl"><description rank="0">It makes a single pearl during its lifetime. The pearl is said to amplify psychic power.</description><genders>Male,Female</genders><species>Bivalve</species><evolution pattern="3" position="0">366,367,368</evolution><formes><forme name="Clamperl" index="0"><images/><stats hp="20" attack="60" defense="60" specAttack=" 60" specDefense="40" speed="20"/><types>Water</types><abilities>Shell Armor</abilities><weakness type="Electric" mod="0"/><weakness type="Grass" mod="0"/><height>0.4</height><weight>52.5</weight><formatted-height>0.4 m</formatted-height><formatted-weight>52.5 kg</formatted-weight></forme></formes></pokemon></pokedex>
