<pokedex><pokemon number="565" name="Carracosta"><description rank="0">They can live both in the ocean and on land. A slap from one of them is enough to open a hole in the bottom of a tanker.</description><description rank="1">Incredible jaw strength enables them to chew up steel beams and rocks along with their prey.</description><genders>Male,Female</genders><species>Prototurtle</species><evolution pattern="2" position="1">564,565</evolution><formes><forme name="Carracosta" index="0"><images/><stats hp="60" attack="100" defense="100" specAttack=" 80" specDefense="40" speed="20"/><types>Water,Rock</types><abilities>Solid Rock,Sturdy</abilities><weakness type="Grass" mod="1"/><weakness type="Electric" mod="0"/><weakness type="Fighting" mod="0"/><weakness type="Ground" mod="0"/><height>1.2</height><weight>81.0</weight><formatted-height>1.2 m</formatted-height><formatted-weight>81.0 kg</formatted-weight></forme></formes></pokemon></pokedex>
