<pokedex><pokemon number="329" name="Vibrava"><description rank="0">It violently shudders its wings, generating ultrasonic waves to induce headaches in people.</description><genders>Male,Female</genders><species>Vibration</species><evolution pattern="5" position="1">328,329,330</evolution><formes><forme name="Vibrava" index="0"><images/><stats hp="40" attack="60" defense="40" specAttack=" 40" specDefense="40" speed="60"/><types>Ground,Dragon</types><abilities>Levitate</abilities><weakness type="Ice" mod="1"/><weakness type="Dragon" mod="0"/><height>1.1</height><weight>15.3</weight><formatted-height>1.1 m</formatted-height><formatted-weight>15.3 kg</formatted-weight></forme></formes></pokemon></pokedex>
