<pokedex><pokemon number="51" name="Dugtrio"><description rank="0">Its three heads move alternately, driving it through tough soil to depths of over 60 miles.</description><genders>Male,Female</genders><species>Mole</species><evolution pattern="2" position="1">50,51</evolution><formes><forme name="Dugtrio" index="0"><images/><stats hp="20" attack="60" defense="40" specAttack=" 40" specDefense="60" speed="100"/><types>Ground</types><abilities>Arena Trap,Sand Veil</abilities><weakness type="Grass" mod="0"/><weakness type="Ice" mod="0"/><weakness type="Water" mod="0"/><height>0.7</height><weight>33.3</weight><formatted-height>0.7 m</formatted-height><formatted-weight>33.3 kg</formatted-weight></forme></formes></pokemon></pokedex>
