<pokedex><pokemon number="23" name="Ekans"><description rank="0">It sneaks through grass without making a sound and strikes unsuspecting prey from behind.</description><genders>Male,Female</genders><species>Snake</species><evolution pattern="2" position="0">23,24</evolution><formes><forme name="Ekans" index="0"><images/><stats hp="20" attack="60" defense="40" specAttack=" 40" specDefense="40" speed="60"/><types>Poison</types><abilities>Intimidate,Shed Skin</abilities><weakness type="Ground" mod="0"/><weakness type="Psychic" mod="0"/><height>2.0</height><weight>6.9</weight><formatted-height>2.0 m</formatted-height><formatted-weight>6.9 kg</formatted-weight></forme></formes></pokemon></pokedex>
