<pokedex><pokemon number="120" name="Staryu"><description rank="0">If its body is torn, it can grow back if the red core remains. The core flashes at midnight.</description><genders></genders><species>Star Shape</species><evolution pattern="2" position="0">120,121</evolution><formes><forme name="Staryu" index="0"><images/><stats hp="20" attack="40" defense="40" specAttack=" 60" specDefense="40" speed="80"/><types>Water</types><abilities>Illuminate,Natural Cure</abilities><weakness type="Electric" mod="0"/><weakness type="Grass" mod="0"/><height>0.8</height><weight>34.5</weight><formatted-height>0.8 m</formatted-height><formatted-weight>34.5 kg</formatted-weight></forme></formes></pokemon></pokedex>
