<pokedex><pokemon number="44" name="Gloom"><description rank="0">The honey it drools from its mouth smells so atrocious, it can curl noses more than a mile away.</description><genders>Male,Female</genders><species>Weed</species><evolution pattern="4" position="1">43,44,45,182</evolution><formes><forme name="Gloom" index="0"><images/><stats hp="40" attack="60" defense="60" specAttack=" 80" specDefense="60" speed="40"/><types>Grass,Poison</types><abilities>Chlorophyll</abilities><weakness type="Fire" mod="0"/><weakness type="Flying" mod="0"/><weakness type="Ice" mod="0"/><weakness type="Psychic" mod="0"/><height>0.8</height><weight>8.6</weight><formatted-height>0.8 m</formatted-height><formatted-weight>8.6 kg</formatted-weight></forme></formes></pokemon></pokedex>
