<pokedex><pokemon number="250" name="Ho-Oh"><description rank="0">Its feathers are in seven colors. It is said that anyone seeing it is promised eternal happiness.</description><genders></genders><species>Rainbow</species><evolution pattern="1" position="0">250</evolution><formes><forme name="Ho-Oh" index="0"><images/><stats hp="80" attack="100" defense="80" specAttack=" 100" specDefense="120" speed="80"/><types>Fire,Flying</types><abilities>Pressure</abilities><weakness type="Rock" mod="1"/><weakness type="Electric" mod="0"/><weakness type="Water" mod="0"/><height>3.8</height><weight>199.0</weight><formatted-height>3.8 m</formatted-height><formatted-weight>199.0 kg</formatted-weight></forme></formes></pokemon></pokedex>
