<pokedex><pokemon number="426" name="Drifblim"><description rank="0">At dusk, swarms of them are carried aloft on winds. When noticed, they suddenly vanish.</description><genders>Male,Female</genders><species>Blimp</species><evolution pattern="2" position="1">425,426</evolution><formes><forme name="Drifblim" index="0"><images/><stats hp="120" attack="60" defense="40" specAttack=" 80" specDefense="40" speed="80"/><types>Ghost,Flying</types><abilities>Aftermath,Unburden</abilities><weakness type="Dark" mod="0"/><weakness type="Electric" mod="0"/><weakness type="Ghost" mod="0"/><weakness type="Ice" mod="0"/><weakness type="Rock" mod="0"/><height>1.2</height><weight>15.0</weight><formatted-height>1.2 m</formatted-height><formatted-weight>15.0 kg</formatted-weight></forme></formes></pokemon></pokedex>
