<pokedex><pokemon number="534" name="Conkeldurr"><description rank="0">It is thought that Conkeldurr taught humans how to make concrete more than 2,000 years ago.</description><description rank="1">They use concrete pillars as walking canes. They know moves that enable them to swing the pillars freely in battle.</description><genders>Male,Female</genders><species>Muscular</species><evolution pattern="5" position="2">532,533,534</evolution><formes><forme name="Conkeldurr" index="0"><images/><stats hp="80" attack="120" defense="80" specAttack=" 40" specDefense="40" speed="40"/><types>Fighting</types><abilities>Guts,Sheer Force</abilities><weakness type="Flying" mod="0"/><weakness type="Psychic" mod="0"/><height>1.4</height><weight>87.0</weight><formatted-height>1.4 m</formatted-height><formatted-weight>87.0 kg</formatted-weight></forme></formes></pokemon></pokedex>
