<pokedex><pokemon number="638" name="Cobalion"><description rank="0">This legendary Pokémon battled against humans to protect Pokémon. Its personality is calm and composed.</description><description rank="1">It has a body and heart of steel. Its glare is sufficient to make even an unruly Pokémon obey it.</description><genders></genders><species>Iron Will</species><evolution pattern="1" position="0">638</evolution><formes><forme name="Cobalion Pokémon" index="0"><images/><stats hp="60" attack="80" defense="100" specAttack=" 80" specDefense="60" speed="100"/><types>Steel,Fighting</types><abilities>Justified</abilities><weakness type="Fire" mod="0"/><weakness type="Fighting" mod="0"/><weakness type="Ground" mod="0"/><height>2.1</height><weight>250.0</weight><formatted-height>2.1 m</formatted-height><formatted-weight>250.0 kg</formatted-weight></forme></formes></pokemon></pokedex>
