<pokedex><pokemon number="443" name="Gible"><description rank="0">It attacks using its huge mouth. While its attacks are powerful, it hurts itself out of clumsiness, too.</description><genders>Male,Female</genders><species>Land Shark</species><evolution pattern="5" position="0">443,444,445</evolution><formes><forme name="Gible" index="0"><images/><stats hp="40" attack="60" defense="40" specAttack=" 40" specDefense="40" speed="40"/><types>Dragon,Ground</types><abilities>Sand Veil</abilities><weakness type="Ice" mod="1"/><weakness type="Dragon" mod="0"/><height>0.7</height><weight>20.5</weight><formatted-height>0.7 m</formatted-height><formatted-weight>20.5 kg</formatted-weight></forme></formes></pokemon></pokedex>
