<pokedex><pokemon number="15" name="Beedrill"><description rank="0">Its best attack involves flying around at high speed, striking with poison needles, then flying off.</description><genders>Male,Female</genders><species>Poison Bee</species><evolution pattern="5" position="2">13,14,15</evolution><formes><forme name="Beedrill" index="0"><images/><stats hp="40" attack="60" defense="40" specAttack=" 40" specDefense="60" speed="60"/><types>Bug,Poison</types><abilities>Swarm</abilities><weakness type="Fire" mod="0"/><weakness type="Flying" mod="0"/><weakness type="Psychic" mod="0"/><weakness type="Rock" mod="0"/><height>1.0</height><weight>29.5</weight><formatted-height>1.0 m</formatted-height><formatted-weight>29.5 kg</formatted-weight></forme></formes></pokemon></pokedex>
