<pokedex><pokemon number="239" name="Elekid"><description rank="0">A weak electric current flows between its horns. Sticking a hand there shocks the unwary.</description><genders>Male,Female</genders><species>Electric</species><evolution pattern="5" position="0">239,125,466</evolution><formes><forme name="Elekid" index="0"><images/><stats hp="40" attack="60" defense="40" specAttack=" 60" specDefense="40" speed="80"/><types>Electric</types><abilities>Static</abilities><weakness type="Ground" mod="0"/><height>0.6</height><weight>23.5</weight><formatted-height>0.6 m</formatted-height><formatted-weight>23.5 kg</formatted-weight></forme></formes></pokemon></pokedex>
