<pokedex><pokemon number="141" name="Kabutops"><description rank="0">It is thought that this Pokémon came onto land because its prey adapted to life on land.</description><genders>Male,Female</genders><species>Shellfish</species><evolution pattern="2" position="1">140,141</evolution><formes><forme name="Kabutops" index="0"><images/><stats hp="40" attack="100" defense="80" specAttack=" 60" specDefense="60" speed="80"/><types>Rock,Water</types><abilities>Battle Armor,Swift Swim</abilities><weakness type="Grass" mod="1"/><weakness type="Electric" mod="0"/><weakness type="Fighting" mod="0"/><weakness type="Ground" mod="0"/><height>1.3</height><weight>40.5</weight><formatted-height>1.3 m</formatted-height><formatted-weight>40.5 kg</formatted-weight></forme></formes></pokemon></pokedex>
