<pokedex><pokemon number="422" name="Shellos"><description rank="0">Beware of pushing strongly on its squishy body, as it makes a mysterious purple fluid ooze out.</description><genders>Male,Female</genders><species>Sea Slug</species><evolution pattern="2" position="0">422,423</evolution><formes><forme name="Shellos" index="0"><images/><stats hp="60" attack="40" defense="40" specAttack=" 40" specDefense="40" speed="40"/><types>Water</types><abilities>Sticky Hold,Storm Drain</abilities><weakness type="Electric" mod="0"/><weakness type="Grass" mod="0"/><height>0.3</height><weight>6.3</weight><formatted-height>0.3 m</formatted-height><formatted-weight>6.3 kg</formatted-weight></forme></formes></pokemon></pokedex>
