<pokedex><pokemon number="587" name="Emolga"><description rank="0">The energy made in its cheeks&#39; electric pouches is stored inside its membrane and released while it is gliding.</description><description rank="1">They live on treetops and glide using the inside of a cape-like membrane while discharging electricity.</description><genders>Male,Female</genders><species>Sky Squirrel</species><evolution pattern="1" position="0">587</evolution><formes><forme name="Emolga Pokémon" index="0"><images/><stats hp="40" attack="60" defense="40" specAttack=" 60" specDefense="40" speed="100"/><types>Electric,Flying</types><abilities>Static</abilities><weakness type="Ice" mod="0"/><weakness type="Rock" mod="0"/><height>0.4</height><weight>5.0</weight><formatted-height>0.4 m</formatted-height><formatted-weight>5.0 kg</formatted-weight></forme></formes></pokemon></pokedex>
