<pokedex><pokemon number="499" name="Pignite"><description rank="0">When its internal fire flares up, its movements grow sharper and faster. When in trouble, it emits smoke.</description><description rank="1">Whatever it eats becomes fuel for the flame in its stomach. When it is angered, the intensity of the flame increases.</description><genders>Male,Female</genders><species>Fire Pig</species><evolution pattern="5" position="1">498,499,500</evolution><formes><forme name="Pignite Pokémon" index="0"><images/><stats hp="60" attack="80" defense="40" specAttack=" 60" specDefense="40" speed="60"/><types>Fire,Fighting</types><abilities>Blaze</abilities><weakness type="Water" mod="0"/><weakness type="Ground" mod="0"/><weakness type="Flying" mod="0"/><weakness type="Psychic" mod="0"/><height>1.0</height><weight>55.5</weight><formatted-height>1.0 m</formatted-height><formatted-weight>55.5 kg</formatted-weight></forme></formes></pokemon></pokedex>
