<pokedex><pokemon number="341" name="Corphish"><description rank="0">Its hardy vitality enables it to adapt to any environment. Its pincers will never release prey.</description><genders>Male,Female</genders><species>Ruffian</species><evolution pattern="2" position="0">341,342</evolution><formes><forme name="Corphish" index="0"><images/><stats hp="40" attack="60" defense="60" specAttack=" 40" specDefense="20" speed="40"/><types>Water</types><abilities>Hyper Cutter,Shell Armor</abilities><weakness type="Electric" mod="0"/><weakness type="Grass" mod="0"/><height>0.6</height><weight>11.5</weight><formatted-height>0.6 m</formatted-height><formatted-weight>11.5 kg</formatted-weight></forme></formes></pokemon></pokedex>
