<pokedex><pokemon number="63" name="Abra"><description rank="0">Using its psychic power is such a strain on its brain that it needs to sleep for 18 hours a day.</description><genders>Male,Female</genders><species>Psi</species><evolution pattern="5" position="0">63,64,65</evolution><formes><forme name="Abra" index="0"><images/><stats hp="20" attack="20" defense="20" specAttack=" 100" specDefense="40" speed="80"/><types>Psychic</types><abilities>Inner Focus,Synchronize</abilities><weakness type="Bug" mod="0"/><weakness type="Dark" mod="0"/><weakness type="Ghost" mod="0"/><height>0.9</height><weight>19.5</weight><formatted-height>0.9 m</formatted-height><formatted-weight>19.5 kg</formatted-weight></forme></formes></pokemon></pokedex>
