<pokedex><pokemon number="578" name="Duosion"><description rank="0">Since they have two divided brains, at times they suddenly try to take two different actions at once.</description><description rank="1">When their brains, now divided in two, are thinking the same thoughts, these Pokémon exhibit their maximum power.</description><genders>Male,Female</genders><species>Mitosis</species><evolution pattern="5" position="1">577,578,579</evolution><formes><forme name="Duosion" index="0"><images/><stats hp="40" attack="40" defense="40" specAttack=" 100" specDefense="40" speed="20"/><types>Psychic</types><abilities>Magic Guard,Overcoat</abilities><weakness type="Bug" mod="0"/><weakness type="Ghost" mod="0"/><weakness type="Dark" mod="0"/><height>0.6</height><weight>8.0</weight><formatted-height>0.6 m</formatted-height><formatted-weight>8.0 kg</formatted-weight></forme></formes></pokemon></pokedex>
