<pokedex><pokemon number="213" name="Shuckle"><description rank="0">It stores berries in its shell. The berries eventually ferment to become delicious juices.</description><genders>Male,Female</genders><species>Mold</species><evolution pattern="1" position="0">213</evolution><formes><forme name="Shuckle" index="0"><images/><stats hp="20" attack="20" defense="120" specAttack=" 20" specDefense="120" speed="20"/><types>Bug,Rock</types><abilities>Gluttony,Sturdy</abilities><weakness type="Rock" mod="0"/><weakness type="Steel" mod="0"/><weakness type="Water" mod="0"/><height>0.6</height><weight>20.5</weight><formatted-height>0.6 m</formatted-height><formatted-weight>20.5 kg</formatted-weight></forme></formes></pokemon></pokedex>
