<pokedex><pokemon number="374" name="Beldum"><description rank="0">It converses with others by using magnetic pulses. In a swarm, they move in perfect unison.</description><genders></genders><species>Iron Ball</species><evolution pattern="5" position="0">374,375,376</evolution><formes><forme name="Beldum" index="0"><images/><stats hp="20" attack="40" defense="60" specAttack=" 20" specDefense="40" speed="20"/><types>Steel,Psychic</types><abilities>Clear Body</abilities><weakness type="Fire" mod="0"/><weakness type="Ground" mod="0"/><height>0.6</height><weight>95.2</weight><formatted-height>0.6 m</formatted-height><formatted-weight>95.2 kg</formatted-weight></forme></formes></pokemon></pokedex>
