<pokedex><pokemon number="169" name="Crobat"><description rank="0">The transformation of its legs into wings made it better at flying, but more clumsy at walking.</description><genders>Male,Female</genders><species>Bat</species><evolution pattern="5" position="2">41,42,169</evolution><formes><forme name="Crobat" index="0"><images/><stats hp="60" attack="80" defense="60" specAttack=" 60" specDefense="60" speed="120"/><types>Poison,Flying</types><abilities>Inner Focus</abilities><weakness type="Electric" mod="0"/><weakness type="Ice" mod="0"/><weakness type="Psychic" mod="0"/><weakness type="Rock" mod="0"/><height>1.8</height><weight>75.0</weight><formatted-height>1.8 m</formatted-height><formatted-weight>75.0 kg</formatted-weight></forme></formes></pokemon></pokedex>
