<pokedex><pokemon number="356" name="Dusclops"><description rank="0">It seeks drifting will-o&#39;-the-wisps and sucks them into its empty body. What happens inside is a mystery.</description><genders>Male,Female</genders><species>Beckon</species><evolution pattern="5" position="1">355,356,477</evolution><formes><forme name="Dusclops" index="0"><images/><stats hp="20" attack="60" defense="100" specAttack=" 60" specDefense="100" speed="20"/><types>Ghost</types><abilities>Pressure</abilities><weakness type="Dark" mod="0"/><weakness type="Ghost" mod="0"/><height>1.6</height><weight>30.6</weight><formatted-height>1.6 m</formatted-height><formatted-weight>30.6 kg</formatted-weight></forme></formes></pokemon></pokedex>
