<pokedex><pokemon number="155" name="Cyndaquil"><description rank="0">It has a timid nature. If it is startled, the flames on its back burn more vigorously.</description><genders>Male,Female</genders><species>Fire Mouse</species><evolution pattern="5" position="0">155,156,157</evolution><formes><forme name="Cyndaquil" index="0"><images/><stats hp="20" attack="40" defense="40" specAttack=" 60" specDefense="40" speed="60"/><types>Fire</types><abilities>Blaze</abilities><weakness type="Ground" mod="0"/><weakness type="Rock" mod="0"/><weakness type="Water" mod="0"/><height>0.5</height><weight>7.9</weight><formatted-height>0.5 m</formatted-height><formatted-weight>7.9 kg</formatted-weight></forme></formes></pokemon></pokedex>
