<pokedex><pokemon number="551" name="Sandile"><description rank="0">They live buried in the sands of the desert. The sun-warmed sands prevent their body temperature from dropping.</description><description rank="1">It moves along below the sand&#39;s surface, except for its nose and eyes. A dark membrane shields its eyes from the sun.</description><genders>Male,Female</genders><species>Desert Croc</species><evolution pattern="5" position="0">551,552,553</evolution><formes><forme name="Sandile Pokémon" index="0"><images/><stats hp="40" attack="60" defense="40" specAttack=" 20" specDefense="20" speed="60"/><types>Ground,Dark</types><abilities>Intimidate,Moxie</abilities><weakness type="Water" mod="0"/><weakness type="Grass" mod="0"/><weakness type="Ice" mod="0"/><weakness type="Fighting" mod="0"/><weakness type="Bug" mod="0"/><height>0.7</height><weight>15.2</weight><formatted-height>0.7 m</formatted-height><formatted-weight>15.2 kg</formatted-weight></forme></formes></pokemon></pokedex>
