<pokedex><pokemon number="306" name="Aggron"><description rank="0">While seeking iron for food, it digs tunnels by breaking through bedrock with its steel horns.</description><genders>Male,Female</genders><species>Iron Armor</species><evolution pattern="5" position="2">304,305,306</evolution><formes><forme name="Aggron" index="0"><images/><stats hp="60" attack="100" defense="120" specAttack=" 60" specDefense="40" speed="40"/><types>Steel,Rock</types><abilities>Rock Head,Sturdy</abilities><weakness type="Fighting" mod="1"/><weakness type="Ground" mod="1"/><weakness type="Water" mod="0"/><height>2.1</height><weight>360.0</weight><formatted-height>2.1 m</formatted-height><formatted-weight>360.0 kg</formatted-weight></forme></formes></pokemon></pokedex>
