<pokedex><pokemon number="644" name="Zekrom"><description rank="0">Concealing itself in lightning clouds, it flies throughout the Unova region. It creates electricity in its tail.</description><description rank="1">This Pokémon appears in legends. In its tail, it has a giant generator that creates electricity.</description><genders></genders><species>Deep Black</species><evolution pattern="1" position="0">644</evolution><formes><forme name="Zekrom Pokémon" index="0"><images/><stats hp="80" attack="120" defense="100" specAttack=" 100" specDefense="80" speed="80"/><types>Dragon,Electric</types><abilities>Teravolt</abilities><weakness type="Ice" mod="0"/><weakness type="Ground" mod="0"/><weakness type="Dragon" mod="0"/><height>2.9</height><weight>345.0</weight><formatted-height>2.9 m</formatted-height><formatted-weight>345.0 kg</formatted-weight></forme></formes></pokemon></pokedex>
