<pokedex><pokemon number="435" name="Skuntank"><description rank="0">It attacks by spraying a horribly smelly fluid from the tip of its tail. Attacks from above confound it.</description><genders>Male,Female</genders><species>Skunk</species><evolution pattern="2" position="1">434,435</evolution><formes><forme name="Skuntank" index="0"><images/><stats hp="80" attack="80" defense="60" specAttack=" 60" specDefense="40" speed="80"/><types>Poison,Dark</types><abilities>Aftermath,Stench</abilities><weakness type="Ground" mod="0"/><height>1.0</height><weight>38.0</weight><formatted-height>1.0 m</formatted-height><formatted-weight>38.0 kg</formatted-weight></forme></formes></pokemon></pokedex>
