<pokedex><pokemon number="165" name="Ledyba"><description rank="0">It is so timid, it can&#39;t move if it isn&#39;t with a swarm of others. It conveys its feelings with scent.</description><genders>Male,Female</genders><species>Five Star</species><evolution pattern="2" position="0">165,166</evolution><formes><forme name="Ledyba" index="0"><images/><stats hp="20" attack="20" defense="20" specAttack=" 40" specDefense="60" speed="60"/><types>Bug,Flying</types><abilities>Early Bird,Swarm</abilities><weakness type="Rock" mod="1"/><weakness type="Electric" mod="0"/><weakness type="Fire" mod="0"/><weakness type="Flying" mod="0"/><weakness type="Ice" mod="0"/><height>1.0</height><weight>10.8</weight><formatted-height>1.0 m</formatted-height><formatted-weight>10.8 kg</formatted-weight></forme></formes></pokemon></pokedex>
