<pokedex><pokemon number="48" name="Venonat"><description rank="0">Its big eyes are actually clusters of tiny eyes. At night, its kind is drawn by light.</description><genders>Male,Female</genders><species>Insect</species><evolution pattern="2" position="0">48,49</evolution><formes><forme name="Venonat" index="0"><images/><stats hp="40" attack="40" defense="40" specAttack=" 40" specDefense="40" speed="40"/><types>Bug,Poison</types><abilities>Compound Eyes,Tinted Lens</abilities><weakness type="Fire" mod="0"/><weakness type="Flying" mod="0"/><weakness type="Psychic" mod="0"/><weakness type="Rock" mod="0"/><height>1.0</height><weight>30.0</weight><formatted-height>1.0 m</formatted-height><formatted-weight>30.0 kg</formatted-weight></forme></formes></pokemon></pokedex>
