<pokedex><pokemon number="108" name="Lickitung"><description rank="0">When it extends its over-six-foot- long tongue, its tail quivers. There is a possibility they are connected.</description><genders>Male,Female</genders><species>Licking</species><evolution pattern="2" position="0">108,463</evolution><formes><forme name="Lickitung" index="0"><images/><stats hp="60" attack="40" defense="60" specAttack=" 60" specDefense="60" speed="20"/><types>Normal</types><abilities>Oblivious,Own Tempo</abilities><weakness type="Fighting" mod="0"/><height>1.2</height><weight>65.5</weight><formatted-height>1.2 m</formatted-height><formatted-weight>65.5 kg</formatted-weight></forme></formes></pokemon></pokedex>
