<pokedex><pokemon number="440" name="Happiny"><description rank="0">It likes to carry around a small rock. It may wander around others&#39; feet and cause them to stumble.</description><genders>Female</genders><species>Playhouse</species><evolution pattern="5" position="0">440,113,242</evolution><formes><forme name="Happiny" index="0"><images/><stats hp="80" attack="20" defense="20" specAttack=" 20" specDefense="40" speed="20"/><types>Normal</types><abilities>Natural Cure,Serene Grace</abilities><weakness type="Fighting" mod="0"/><height>0.6</height><weight>24.4</weight><formatted-height>0.6 m</formatted-height><formatted-weight>24.4 kg</formatted-weight></forme></formes></pokemon></pokedex>
