<pokedex><pokemon number="320" name="Wailmer"><description rank="0">On sunny days, it lands on beaches to bounce like a ball and play. It spouts water from its nose.</description><genders>Male,Female</genders><species>Ball Whale</species><evolution pattern="2" position="0">320,321</evolution><formes><forme name="Wailmer" index="0"><images/><stats hp="100" attack="60" defense="40" specAttack=" 60" specDefense="20" speed="60"/><types>Water</types><abilities>Oblivious,Water Veil</abilities><weakness type="Electric" mod="0"/><weakness type="Grass" mod="0"/><height>2.0</height><weight>130.0</weight><formatted-height>2.0 m</formatted-height><formatted-weight>130.0 kg</formatted-weight></forme></formes></pokemon></pokedex>
