<pokedex><pokemon number="480" name="Uxie"><description rank="0">When Uxie flew, people gained the ability to solve problems. It was the birth of knowledge.</description><genders></genders><species>Knowledge</species><evolution pattern="1" position="0">480</evolution><formes><forme name="Uxie" index="0"><images/><stats hp="60" attack="60" defense="100" specAttack=" 60" specDefense="100" speed="80"/><types>Psychic</types><abilities>Levitate</abilities><weakness type="Bug" mod="0"/><weakness type="Dark" mod="0"/><weakness type="Ghost" mod="0"/><height>0.3</height><weight>0.3</weight><formatted-height>0.3 m</formatted-height><formatted-weight>0.3 kg</formatted-weight></forme></formes></pokemon></pokedex>
