<pokedex><pokemon number="525" name="Boldore"><description rank="0">When it overflows with power, the orange crystal on its body glows. It looks for underground water in caves.</description><description rank="1">Because its energy was too great to be contained, the energy leaked and formed orange crystals.</description><genders>Male,Female</genders><species>Ore</species><evolution pattern="5" position="1">524,525,526</evolution><formes><forme name="Boldore" index="0"><images/><stats hp="60" attack="80" defense="80" specAttack=" 40" specDefense="20" speed="20"/><types>Rock</types><abilities>Sturdy</abilities><weakness type="Water" mod="0"/><weakness type="Grass" mod="0"/><weakness type="Fighting" mod="0"/><weakness type="Ground" mod="0"/><weakness type="Steel" mod="0"/><height>0.9</height><weight>102.0</weight><formatted-height>0.9 m</formatted-height><formatted-weight>102.0 kg</formatted-weight></forme></formes></pokemon></pokedex>
