<pokedex><pokemon number="613" name="Cubchoo"><description rank="0">When it is not feeling well, its mucus gets watery and the power of its Ice-type moves decreases.</description><description rank="1">Its nose is always running. It sniffs the snot back up because the mucus provides the raw material for its moves.</description><genders>Male,Female</genders><species>Chill</species><evolution pattern="2" position="0">613,614</evolution><formes><forme name="Cubchoo" index="0"><images/><stats hp="40" attack="60" defense="40" specAttack=" 60" specDefense="20" speed="40"/><types>Ice</types><abilities>Snow Cloak</abilities><weakness type="Fire" mod="0"/><weakness type="Fighting" mod="0"/><weakness type="Rock" mod="0"/><weakness type="Steel" mod="0"/><height>0.5</height><weight>8.5</weight><formatted-height>0.5 m</formatted-height><formatted-weight>8.5 kg</formatted-weight></forme></formes></pokemon></pokedex>
