<pokedex><pokemon number="280" name="Ralts"><description rank="0">If its horns capture the warm feelings of people or Pokémon, its body warms up slightly.</description><genders>Male,Female</genders><species>Feeling</species><evolution pattern="4" position="0">280,281,282,475</evolution><formes><forme name="Ralts" index="0"><images/><stats hp="20" attack="20" defense="20" specAttack=" 40" specDefense="20" speed="40"/><types>Psychic</types><abilities>Synchronize,Trace</abilities><weakness type="Bug" mod="0"/><weakness type="Dark" mod="0"/><weakness type="Ghost" mod="0"/><height>0.4</height><weight>6.6</weight><formatted-height>0.4 m</formatted-height><formatted-weight>6.6 kg</formatted-weight></forme></formes></pokemon></pokedex>
