<pokedex><pokemon number="348" name="Armaldo"><description rank="0">It went ashore after evolving. Its entire body is clad in a sturdy armor.</description><genders>Male,Female</genders><species>Plate</species><evolution pattern="2" position="1">347,348</evolution><formes><forme name="Armaldo" index="0"><images/><stats hp="60" attack="100" defense="80" specAttack=" 60" specDefense="60" speed="40"/><types>Rock,Bug</types><abilities>Battle Armor</abilities><weakness type="Rock" mod="0"/><weakness type="Steel" mod="0"/><weakness type="Water" mod="0"/><height>1.5</height><weight>68.2</weight><formatted-height>1.5 m</formatted-height><formatted-weight>68.2 kg</formatted-weight></forme></formes></pokemon></pokedex>
