<pokedex><pokemon number="146" name="Moltres"><description rank="0">One of the legendary bird Pokémon. It is said that its appearance indicates the coming of spring.</description><genders></genders><species>Flame</species><evolution pattern="1" position="0">146</evolution><formes><forme name="Moltres" index="0"><images/><stats hp="60" attack="80" defense="80" specAttack=" 100" specDefense="60" speed="80"/><types>Fire,Flying</types><abilities>Pressure</abilities><weakness type="Rock" mod="1"/><weakness type="Electric" mod="0"/><weakness type="Water" mod="0"/><height>2.0</height><weight>60.0</weight><formatted-height>2.0 m</formatted-height><formatted-weight>60.0 kg</formatted-weight></forme></formes></pokemon></pokedex>
