<pokedex><pokemon number="129" name="Magikarp"><description rank="0">A Magikarp living for many years can leap a mountain using Splash. The move remains useless, though.</description><genders>Male,Female</genders><species>Fish</species><evolution pattern="2" position="0">129,130</evolution><formes><forme name="Magikarp" index="0"><images/><stats hp="20" attack="20" defense="40" specAttack=" 20" specDefense="20" speed="80"/><types>Water</types><abilities>Swift Swim</abilities><weakness type="Electric" mod="0"/><weakness type="Grass" mod="0"/><height>0.9</height><weight>10.0</weight><formatted-height>0.9 m</formatted-height><formatted-weight>10.0 kg</formatted-weight></forme></formes></pokemon></pokedex>
