<pokedex><pokemon number="79" name="Slowpoke"><description rank="0">Although slow, it is skilled at fishing with its tail. It does not feel pain if its tail is bitten.</description><genders>Male,Female</genders><species>Dopey</species><evolution pattern="3" position="0">79,80,199</evolution><formes><forme name="Slowpoke" index="0"><images/><stats hp="60" attack="60" defense="60" specAttack=" 40" specDefense="20" speed="20"/><types>Water,Psychic</types><abilities>Oblivious,Own Tempo</abilities><weakness type="Bug" mod="0"/><weakness type="Dark" mod="0"/><weakness type="Electric" mod="0"/><weakness type="Ghost" mod="0"/><weakness type="Grass" mod="0"/><height>1.2</height><weight>36.0</weight><formatted-height>1.2 m</formatted-height><formatted-weight>36.0 kg</formatted-weight></forme></formes></pokemon></pokedex>
