<pokedex><pokemon number="437" name="Bronzong"><description rank="0">It brought rains by opening portals to another world. It was revered as a bringer of plentiful harvests.</description><genders></genders><species>Bronze Bell</species><evolution pattern="2" position="1">436,437</evolution><formes><forme name="Bronzong" index="0"><images/><stats hp="40" attack="80" defense="100" specAttack=" 60" specDefense="100" speed="40"/><types>Steel,Psychic</types><abilities>Heatproof,Levitate</abilities><weakness type="Fire" mod="0"/><weakness type="Ground" mod="0"/><height>1.3</height><weight>187.0</weight><formatted-height>1.3 m</formatted-height><formatted-weight>187.0 kg</formatted-weight></forme></formes></pokemon></pokedex>
