<pokedex><pokemon number="308" name="Medicham"><description rank="0">It gains the ability to see the aura of its opponents by honing its mind through starvation.</description><genders>Male,Female</genders><species>Meditate</species><evolution pattern="2" position="1">307,308</evolution><formes><forme name="Medicham" index="0"><images/><stats hp="40" attack="60" defense="60" specAttack=" 60" specDefense="60" speed="80"/><types>Fighting,Psychic</types><abilities>Pure Power</abilities><weakness type="Flying" mod="0"/><weakness type="Ghost" mod="0"/><height>1.3</height><weight>31.5</weight><formatted-height>1.3 m</formatted-height><formatted-weight>31.5 kg</formatted-weight></forme></formes></pokemon></pokedex>
