<pokedex><pokemon number="251" name="Celebi"><description rank="0">It has the power to travel across time, but it is said to appear only in peaceful times.</description><genders></genders><species>Time Travel</species><evolution pattern="1" position="0">251</evolution><formes><forme name="Celebi" index="0"><images/><stats hp="80" attack="80" defense="80" specAttack=" 80" specDefense="80" speed="80"/><types>Grass,Psychic</types><abilities>Natural Cure</abilities><weakness type="Bug" mod="1"/><weakness type="Dark" mod="0"/><weakness type="Fire" mod="0"/><weakness type="Flying" mod="0"/><weakness type="Ghost" mod="0"/><weakness type="Ice" mod="0"/><weakness type="Poison" mod="0"/><height>0.6</height><weight>5.0</weight><formatted-height>0.6 m</formatted-height><formatted-weight>5.0 kg</formatted-weight></forme></formes></pokemon></pokedex>
