<pokedex><pokemon number="11" name="Metapod"><description rank="0">A steel-hard shell protects its tender body. It quietly endures hardships while awaiting evolution.</description><genders>Male,Female</genders><species>Cocoon</species><evolution pattern="5" position="1">10,11,12</evolution><formes><forme name="Metapod" index="0"><images/><stats hp="40" attack="20" defense="40" specAttack=" 20" specDefense="20" speed="20"/><types>Bug</types><abilities>Shed Skin</abilities><weakness type="Fire" mod="0"/><weakness type="Flying" mod="0"/><weakness type="Rock" mod="0"/><height>0.7</height><weight>9.9</weight><formatted-height>0.7 m</formatted-height><formatted-weight>9.9 kg</formatted-weight></forme></formes></pokemon></pokedex>
