<pokedex><pokemon number="225" name="Delibird"><description rank="0">It carries food rolled up in its tail. It has the habit of sharing food with people lost in mountains.</description><genders>Male,Female</genders><species>Delivery</species><evolution pattern="1" position="0">225</evolution><formes><forme name="Delibird" index="0"><images/><stats hp="40" attack="40" defense="40" specAttack=" 60" specDefense="40" speed="60"/><types>Ice,Flying</types><abilities>Hustle,Vital Spirit</abilities><weakness type="Rock" mod="1"/><weakness type="Electric" mod="0"/><weakness type="Fire" mod="0"/><weakness type="Steel" mod="0"/><height>0.9</height><weight>16.0</weight><formatted-height>0.9 m</formatted-height><formatted-weight>16.0 kg</formatted-weight></forme></formes></pokemon></pokedex>
