<pokedex><pokemon number="240" name="Magby"><description rank="0">Its magma-like blood circulates throughout its body. Its body&#39;s heat can top 1,100 degrees F.</description><genders>Male,Female</genders><species>Live Coal</species><evolution pattern="5" position="0">240,126,467</evolution><formes><forme name="Magby" index="0"><images/><stats hp="40" attack="60" defense="40" specAttack=" 60" specDefense="40" speed="80"/><types>Fire</types><abilities>Flame Body</abilities><weakness type="Ground" mod="0"/><weakness type="Rock" mod="0"/><weakness type="Water" mod="0"/><height>0.7</height><weight>21.4</weight><formatted-height>0.7 m</formatted-height><formatted-weight>21.4 kg</formatted-weight></forme></formes></pokemon></pokedex>
