<pokedex><pokemon number="6" name="Charizard"><description rank="0">It is said that Charizard&#39;s fire burns hotter if it has experienced harsh battles.</description><genders>Male,Female</genders><species>Flame</species><evolution pattern="5" position="2">4,5,6</evolution><formes><forme name="Charizard" index="0"><images/><stats hp="60" attack="80" defense="60" specAttack=" 100" specDefense="60" speed="80"/><types>Fire,Flying</types><abilities>Blaze</abilities><weakness type="Rock" mod="1"/><weakness type="Electric" mod="0"/><weakness type="Water" mod="0"/><height>1.7</height><weight>90.5</weight><formatted-height>1.7 m</formatted-height><formatted-weight>90.5 kg</formatted-weight></forme></formes></pokemon></pokedex>
