<pokedex><pokemon number="579" name="Reuniclus"><description rank="0">When Reuniclus shake hands, a network forms between their brains, increasing their psychic power.</description><description rank="1">These remarkably intelligent Pokémon fight by controlling arms that can grip with rock-crushing power.</description><genders>Male,Female</genders><species>Multiplying</species><evolution pattern="5" position="2">577,578,579</evolution><formes><forme name="Reuniclus Pokémon" index="0"><images/><stats hp="80" attack="60" defense="60" specAttack=" 100" specDefense="60" speed="20"/><types>Psychic</types><abilities>Magic Guard,Overcoat</abilities><weakness type="Bug" mod="0"/><weakness type="Ghost" mod="0"/><weakness type="Dark" mod="0"/><height>1.0</height><weight>20.1</weight><formatted-height>1.0 m</formatted-height><formatted-weight>20.1 kg</formatted-weight></forme></formes></pokemon></pokedex>
