<pokedex><pokemon number="238" name="Smoochum"><description rank="0">It tests everything by touching with its lips, which remember what it likes and dislikes.</description><genders>Female</genders><species>Kiss</species><evolution pattern="2" position="0">238,124</evolution><formes><forme name="Smoochum" index="0"><images/><stats hp="40" attack="20" defense="20" specAttack=" 80" specDefense="40" speed="60"/><types>Ice,Psychic</types><abilities>Forewarn,Oblivious</abilities><weakness type="Bug" mod="0"/><weakness type="Dark" mod="0"/><weakness type="Fire" mod="0"/><weakness type="Ghost" mod="0"/><weakness type="Rock" mod="0"/><weakness type="Steel" mod="0"/><height>0.4</height><weight>6.0</weight><formatted-height>0.4 m</formatted-height><formatted-weight>6.0 kg</formatted-weight></forme></formes></pokemon></pokedex>
