<pokedex><pokemon number="400" name="Bibarel"><description rank="0">A river dammed by Bibarel will never overflow its banks, which is appreciated by people nearby.</description><genders>Male,Female</genders><species>Beaver</species><evolution pattern="2" position="1">399,400</evolution><formes><forme name="Bibarel" index="0"><images/><stats hp="60" attack="80" defense="40" specAttack=" 40" specDefense="40" speed="60"/><types>Normal,Water</types><abilities>Simple,Unaware</abilities><weakness type="Electric" mod="0"/><weakness type="Fighting" mod="0"/><weakness type="Grass" mod="0"/><height>1.0</height><weight>31.5</weight><formatted-height>1.0 m</formatted-height><formatted-weight>31.5 kg</formatted-weight></forme></formes></pokemon></pokedex>
