<pokedex><pokemon number="231" name="Phanpy"><description rank="0">It is strong despite its compact size. It can easily pick up and carry an adult human on its back.</description><genders>Male,Female</genders><species>Long Nose</species><evolution pattern="2" position="0">231,232</evolution><formes><forme name="Phanpy" index="0"><images/><stats hp="60" attack="60" defense="40" specAttack=" 40" specDefense="20" speed="40"/><types>Ground</types><abilities>Pickup</abilities><weakness type="Grass" mod="0"/><weakness type="Ice" mod="0"/><weakness type="Water" mod="0"/><height>0.5</height><weight>33.5</weight><formatted-height>0.5 m</formatted-height><formatted-weight>33.5 kg</formatted-weight></forme></formes></pokemon></pokedex>
