<pokedex><pokemon number="77" name="Ponyta"><description rank="0">As a newborn, it can barely stand. However, through galloping, its legs are made tougher and faster.</description><genders>Male,Female</genders><species>Fire Horse</species><evolution pattern="2" position="0">77,78</evolution><formes><forme name="Ponyta" index="0"><images/><stats hp="40" attack="80" defense="40" specAttack=" 60" specDefense="40" speed="80"/><types>Fire</types><abilities>Flash Fire,Run Away</abilities><weakness type="Ground" mod="0"/><weakness type="Rock" mod="0"/><weakness type="Water" mod="0"/><height>1.0</height><weight>30.0</weight><formatted-height>1.0 m</formatted-height><formatted-weight>30.0 kg</formatted-weight></forme></formes></pokemon></pokedex>
