<pokedex><pokemon number="291" name="Ninjask"><description rank="0">Because it moves so quickly, it sometimes becomes unseeable. It congregates around tree sap.</description><genders>Male,Female</genders><species>Ninja</species><evolution pattern="3" position="1">290,291,292</evolution><formes><forme name="Ninjask" index="0"><images/><stats hp="40" attack="80" defense="40" specAttack=" 40" specDefense="40" speed="120"/><types>Bug,Flying</types><abilities>Speed Boost</abilities><weakness type="Rock" mod="1"/><weakness type="Electric" mod="0"/><weakness type="Fire" mod="0"/><weakness type="Flying" mod="0"/><weakness type="Ice" mod="0"/><height>0.8</height><weight>12.0</weight><formatted-height>0.8 m</formatted-height><formatted-weight>12.0 kg</formatted-weight></forme></formes></pokemon></pokedex>
