<pokedex><pokemon number="591" name="Amoonguss"><description rank="0">It lures prey close by dancing and waving its arm caps, which resemble Poké Balls, in a swaying motion.</description><description rank="1">They show off their Poké Ball caps to lure prey, but very few Pokémon are fooled by this.</description><genders>Male,Female</genders><species>Mushroom</species><evolution pattern="2" position="1">590,591</evolution><formes><forme name="Amoonguss" index="0"><images/><stats hp="80" attack="80" defense="60" specAttack=" 80" specDefense="60" speed="20"/><types>Grass,Poison</types><abilities>Effect Spore</abilities><weakness type="Fire" mod="0"/><weakness type="Ice" mod="0"/><weakness type="Flying" mod="0"/><weakness type="Psychic" mod="0"/><height>0.6</height><weight>10.5</weight><formatted-height>0.6 m</formatted-height><formatted-weight>10.5 kg</formatted-weight></forme></formes></pokemon></pokedex>
