<pokedex><pokemon number="633" name="Deino"><description rank="0">It tends to bite everything, and it is not a picky eater. Approaching it carelessly is dangerous.</description><description rank="1">They cannot see, so they tackle and bite to learn about their surroundings. Their bodies are covered in wounds.</description><genders>Male,Female</genders><species>Irate</species><evolution pattern="5" position="0">633,634,635</evolution><formes><forme name="Deino" index="0"><images/><stats hp="40" attack="60" defense="40" specAttack=" 40" specDefense="40" speed="40"/><types>Dark,Dragon</types><abilities>Hustle</abilities><weakness type="Ice" mod="0"/><weakness type="Fighting" mod="0"/><weakness type="Bug" mod="0"/><weakness type="Dragon" mod="0"/><height>0.8</height><weight>17.3</weight><formatted-height>0.8 m</formatted-height><formatted-weight>17.3 kg</formatted-weight></forme></formes></pokemon></pokedex>
