<pokedex><pokemon number="289" name="Slaking"><description rank="0">The world&#39;s laziest Pokémon. When it is lounging, it is actually saving energy for striking back.</description><genders>Male,Female</genders><species>Lazy</species><evolution pattern="5" position="2">287,288,289</evolution><formes><forme name="Slaking" index="0"><images/><stats hp="120" attack="120" defense="80" specAttack=" 80" specDefense="40" speed="80"/><types>Normal</types><abilities>Truant</abilities><weakness type="Fighting" mod="0"/><height>2.0</height><weight>130.5</weight><formatted-height>2.0 m</formatted-height><formatted-weight>130.5 kg</formatted-weight></forme></formes></pokemon></pokedex>
