<pokedex><pokemon number="589" name="Escavalier"><description rank="0">They fly around at high speed, striking with their pointed spears. Even when in trouble, they face opponents bravely.</description><description rank="1">These Pokémon evolve by wearing the shell covering of a Shelmet. The steel armor protects their whole body.</description><genders>Male,Female</genders><species>Cavalry</species><evolution pattern="2" position="1">588,589</evolution><formes><forme name="Escavalier" index="0"><images/><stats hp="60" attack="120" defense="80" specAttack=" 60" specDefense="80" speed="20"/><types>Bug,Steel</types><abilities>Shell Armor,Swarm</abilities><weakness type="Fire" mod="1"/><height>1.0</height><weight>33.0</weight><formatted-height>1.0 m</formatted-height><formatted-weight>33.0 kg</formatted-weight></forme></formes></pokemon></pokedex>
