<pokedex><pokemon number="182" name="Bellossom"><description rank="0">When the heavy rainfall season ends, it is drawn out by warm sunlight to dance in the open.</description><genders>Male,Female</genders><species>Flower</species><evolution pattern="4" position="3">43,44,45,182</evolution><formes><forme name="Bellossom" index="0"><images/><stats hp="60" attack="60" defense="60" specAttack=" 80" specDefense="80" speed="40"/><types>Grass</types><abilities>Chlorophyll</abilities><weakness type="Bug" mod="0"/><weakness type="Fire" mod="0"/><weakness type="Flying" mod="0"/><weakness type="Ice" mod="0"/><weakness type="Poison" mod="0"/><height>0.4</height><weight>5.8</weight><formatted-height>0.4 m</formatted-height><formatted-weight>5.8 kg</formatted-weight></forme></formes></pokemon></pokedex>
