<pokedex><pokemon number="444" name="Gabite"><description rank="0">It loves sparkly things. It seeks treasures in caves and hoards the loot in its nest.</description><genders>Male,Female</genders><species>Cave</species><evolution pattern="5" position="1">443,444,445</evolution><formes><forme name="Gabite" index="0"><images/><stats hp="60" attack="80" defense="60" specAttack=" 40" specDefense="40" speed="80"/><types>Dragon,Ground</types><abilities>Sand Veil</abilities><weakness type="Ice" mod="1"/><weakness type="Dragon" mod="0"/><height>1.4</height><weight>56.0</weight><formatted-height>1.4 m</formatted-height><formatted-weight>56.0 kg</formatted-weight></forme></formes></pokemon></pokedex>
