<pokedex><pokemon number="214" name="Heracross"><description rank="0">It loves sweet honey. To keep all the honey to itself, it hurls rivals away with its prized horn.</description><genders>Male,Female</genders><species>Single Horn</species><evolution pattern="1" position="0">214</evolution><formes><forme name="Heracross" index="0"><images/><stats hp="60" attack="100" defense="60" specAttack=" 40" specDefense="80" speed="80"/><types>Bug,Fighting</types><abilities>Guts,Swarm</abilities><weakness type="Flying" mod="1"/><weakness type="Fire" mod="0"/><weakness type="Psychic" mod="0"/><height>1.5</height><weight>54.0</weight><formatted-height>1.5 m</formatted-height><formatted-weight>54.0 kg</formatted-weight></forme></formes></pokemon></pokedex>
