<pokedex><pokemon number="508" name="Stoutland"><description rank="0">It rescues people stranded by blizzards in the mountains. Its shaggy fur shields it from the cold.</description><description rank="1">This extremely wise Pokémon excels at rescuing people stranded at sea or in the mountains.</description><genders>Male,Female</genders><species>Big-Hearted</species><evolution pattern="5" position="2">506,507,508</evolution><formes><forme name="Stoutland" index="0"><images/><stats hp="60" attack="80" defense="80" specAttack=" 40" specDefense="80" speed="80"/><types>Normal</types><abilities>Intimidate,Sand Rush</abilities><weakness type="Fighting" mod="0"/><height>1.2</height><weight>61.0</weight><formatted-height>1.2 m</formatted-height><formatted-weight>61.0 kg</formatted-weight></forme></formes></pokemon></pokedex>
