<pokedex><pokemon number="197" name="Umbreon"><description rank="0">When exposed to the moon&#39;s aura, the rings on its body glow faintly and it gains a mysterious power.</description><genders>Male,Female</genders><species>Moonlight</species><evolution pattern="9" position="3">133,134,136,197,471,470,196,135</evolution><formes><forme name="Umbreon" index="0"><images/><stats hp="80" attack="60" defense="80" specAttack=" 60" specDefense="100" speed="60"/><types>Dark</types><abilities>Synchronize</abilities><weakness type="Fighting" mod="0"/><weakness type="Bug" mod="0"/><height>1.0</height><weight>27.0</weight><formatted-height>1.0 m</formatted-height><formatted-weight>27.0 kg</formatted-weight></forme></formes></pokemon></pokedex>
