<pokedex><pokemon number="257" name="Blaziken"><description rank="0">Flames spout from its wrists, enveloping its knuckles. Its punches scorch its foes.</description><genders>Male,Female</genders><species>Blaze</species><evolution pattern="5" position="2">255,256,257</evolution><formes><forme name="Blaziken" index="0"><images/><stats hp="60" attack="100" defense="60" specAttack=" 100" specDefense="60" speed="80"/><types>Fire,Fighting</types><abilities>Blaze</abilities><weakness type="Flying" mod="0"/><weakness type="Ground" mod="0"/><weakness type="Psychic" mod="0"/><weakness type="Water" mod="0"/><height>1.9</height><weight>52.0</weight><formatted-height>1.9 m</formatted-height><formatted-weight>52.0 kg</formatted-weight></forme></formes></pokemon></pokedex>
