<pokedex><pokemon number="473" name="Mamoswine"><description rank="0">A frozen one was dug up from soil dating back 10,000 years. It woke up to much amazement.</description><genders>Male,Female</genders><species>Twin Tusk</species><evolution pattern="5" position="2">220,221,473</evolution><formes><forme name="Mamoswine" index="0"><images/><stats hp="80" attack="100" defense="60" specAttack=" 60" specDefense="40" speed="80"/><types>Ice,Ground</types><abilities>Oblivious,Snow Cloak</abilities><weakness type="Fighting" mod="0"/><weakness type="Fire" mod="0"/><weakness type="Grass" mod="0"/><weakness type="Steel" mod="0"/><weakness type="Water" mod="0"/><height>2.5</height><weight>291.0</weight><formatted-height>2.5 m</formatted-height><formatted-weight>291.0 kg</formatted-weight></forme></formes></pokemon></pokedex>
