<pokedex><pokemon number="228" name="Houndour"><description rank="0">It is smart enough to hunt in packs. It uses a variety of cries for communicating with others.</description><genders>Male,Female</genders><species>Dark</species><evolution pattern="2" position="0">228,229</evolution><formes><forme name="Houndour" index="0"><images/><stats hp="40" attack="60" defense="20" specAttack=" 80" specDefense="40" speed="60"/><types>Dark,Fire</types><abilities>Early Bird,Flash Fire</abilities><weakness type="Fighting" mod="0"/><weakness type="Ground" mod="0"/><weakness type="Rock" mod="0"/><weakness type="Water" mod="0"/><height>0.6</height><weight>10.8</weight><formatted-height>0.6 m</formatted-height><formatted-weight>10.8 kg</formatted-weight></forme></formes></pokemon></pokedex>
