<pokedex><pokemon number="449" name="Hippopotas"><description rank="0">It shuts its nostrils tight then travels through sand as if walking. They form colonies of around ten.</description><genders>Male,Female</genders><species>Hippo</species><evolution pattern="2" position="0">449,450</evolution><formes><forme name="Hippopotas" index="0"><images/><stats hp="60" attack="60" defense="60" specAttack=" 40" specDefense="40" speed="20"/><types>Ground</types><abilities>Sand Stream</abilities><weakness type="Grass" mod="0"/><weakness type="Ice" mod="0"/><weakness type="Water" mod="0"/><height>0.8</height><weight>49.5</weight><formatted-height>0.8 m</formatted-height><formatted-weight>49.5 kg</formatted-weight></forme></formes></pokemon></pokedex>
