<pokedex><pokemon number="106" name="Hitmonlee"><description rank="0">Its legs can stretch double. First-time foes are startled by its extensible reach.</description><genders>Male</genders><species>Kicking</species><evolution pattern="6" position="1">236,106,107,237</evolution><formes><forme name="Hitmonlee" index="0"><images/><stats hp="40" attack="100" defense="40" specAttack=" 20" specDefense="80" speed="80"/><types>Fighting</types><abilities>Limber,Reckless</abilities><weakness type="Flying" mod="0"/><weakness type="Psychic" mod="0"/><height>1.5</height><weight>49.8</weight><formatted-height>1.5 m</formatted-height><formatted-weight>49.8 kg</formatted-weight></forme></formes></pokemon></pokedex>
