<pokedex><pokemon number="386" name="Deoxys"><description rank="0">An alien virus that fell to earth on a meteor underwent a DNA mutation to become this Pokémon.</description><genders></genders><species>DNA</species><evolution pattern="1" position="0">386</evolution><formes><forme name="Normal Forme" index="0"><images/><stats hp="40" attack="120" defense="40" specAttack=" 120" specDefense="40" speed="120"/><types>Psychic</types><abilities>Pressure</abilities><weakness type="Bug" mod="0"/><weakness type="Dark" mod="0"/><weakness type="Ghost" mod="0"/><height>1.7</height><weight>60.8</weight><formatted-height>1.7 m</formatted-height><formatted-weight>60.8 kg</formatted-weight></forme><forme name="Attack Forme" index="1"><images/><stats hp="40" attack="120" defense="20" specAttack=" 120" specDefense="20" speed="120"/><types>Psychic</types><abilities>Pressure</abilities><weakness type="Bug" mod="0"/><weakness type="Dark" mod="0"/><weakness type="Ghost" mod="0"/><height>1.7</height><weight>60.8</weight><formatted-height>1.7 m</formatted-height><formatted-weight>60.8 kg</formatted-weight></forme><forme name="Defense Forme" index="2"><images/><stats hp="40" attack="60" defense="120" specAttack=" 60" specDefense="120" speed="80"/><types>Psychic</types><abilities>Pressure</abilities><weakness type="Bug" mod="0"/><weakness type="Dark" mod="0"/><weakness type="Ghost" mod="0"/><height>1.7</height><weight>60.8</weight><formatted-height>1.7 m</formatted-height><formatted-weight>60.8 kg</formatted-weight></forme><forme name="Speed Forme" index="3"><images/><stats hp="40" attack="80" defense="80" specAttack=" 80" specDefense="80" speed="120"/><types>Psychic</types><abilities>Pressure</abilities><weakness type="Bug" mod="0"/><weakness type="Dark" mod="0"/><weakness type="Ghost" mod="0"/><height>1.7</height><weight>60.8</weight><formatted-height>1.7 m</formatted-height><formatted-weight>60.8 kg</formatted-weight></forme></formes></pokemon></pokedex>
