<pokedex><pokemon number="117" name="Seadra"><description rank="0">Its spines provide protection. Its fins and bones are prized as traditional medicine ingredients.</description><genders>Male,Female</genders><species>Dragon</species><evolution pattern="5" position="1">116,117,230</evolution><formes><forme name="Seadra" index="0"><images/><stats hp="40" attack="60" defense="80" specAttack=" 80" specDefense="40" speed="80"/><types>Water</types><abilities>Poison Point,Sniper</abilities><weakness type="Electric" mod="0"/><weakness type="Grass" mod="0"/><height>1.2</height><weight>25.0</weight><formatted-height>1.2 m</formatted-height><formatted-weight>25.0 kg</formatted-weight></forme></formes></pokemon></pokedex>
