<pokedex><pokemon number="500" name="Emboar"><description rank="0">It can throw a fire punch by setting its fists on fire with its fiery chin. It cares deeply about its friends.</description><description rank="1">It has mastered fast and powerful fighting moves. It grows a beard of fire.</description><genders>Male,Female</genders><species>Mega Fire Pig</species><evolution pattern="5" position="2">498,499,500</evolution><formes><forme name="Emboar" index="0"><images/><stats hp="80" attack="100" defense="60" specAttack=" 80" specDefense="40" speed="60"/><types>Fire,Fighting</types><abilities>Blaze</abilities><weakness type="Water" mod="0"/><weakness type="Ground" mod="0"/><weakness type="Flying" mod="0"/><weakness type="Psychic" mod="0"/><height>1.6</height><weight>150.0</weight><formatted-height>1.6 m</formatted-height><formatted-weight>150.0 kg</formatted-weight></forme></formes></pokemon></pokedex>
