<pokedex><pokemon number="101" name="Electrode"><description rank="0">It is known to drift on winds if it is bloated to bursting with stored electricity.</description><genders></genders><species>Ball</species><evolution pattern="2" position="1">100,101</evolution><formes><forme name="Electrode" index="0"><images/><stats hp="40" attack="40" defense="60" specAttack=" 80" specDefense="60" speed="120"/><types>Electric</types><abilities>Soundproof,Static</abilities><weakness type="Ground" mod="0"/><height>1.2</height><weight>66.6</weight><formatted-height>1.2 m</formatted-height><formatted-weight>66.6 kg</formatted-weight></forme></formes></pokemon></pokedex>
