<pokedex><pokemon number="458" name="Mantyke"><description rank="0">People organize tours to see this Pokémon frolic and skim the tops of waves with Remoraid.</description><genders>Male,Female</genders><species>Kite</species><evolution pattern="2" position="0">458,226</evolution><formes><forme name="Mantyke" index="0"><images/><stats hp="40" attack="20" defense="40" specAttack=" 60" specDefense="100" speed="40"/><types>Water,Flying</types><abilities>Swift Swim,Water Absorb</abilities><weakness type="Electric" mod="1"/><weakness type="Rock" mod="0"/><height>1.0</height><weight>65.0</weight><formatted-height>1.0 m</formatted-height><formatted-weight>65.0 kg</formatted-weight></forme></formes></pokemon></pokedex>
