<pokedex><pokemon number="167" name="Spinarak"><description rank="0">It sets a trap by spinning a web with thin but strong silk. It waits motionlessly for prey to arrive.</description><genders>Male,Female</genders><species>String Spit</species><evolution pattern="2" position="0">167,168</evolution><formes><forme name="Spinarak" index="0"><images/><stats hp="20" attack="60" defense="40" specAttack=" 40" specDefense="20" speed="20"/><types>Bug,Poison</types><abilities>Insomnia,Swarm</abilities><weakness type="Fire" mod="0"/><weakness type="Flying" mod="0"/><weakness type="Psychic" mod="0"/><weakness type="Rock" mod="0"/><height>0.5</height><weight>8.5</weight><formatted-height>0.5 m</formatted-height><formatted-weight>8.5 kg</formatted-weight></forme></formes></pokemon></pokedex>
