<pokedex><pokemon number="360" name="Wynaut"><description rank="0">It grows strong by pushing up against others en masse. It loves eating sweet fruit.</description><genders>Male,Female</genders><species>Bright</species><evolution pattern="2" position="0">360,202</evolution><formes><forme name="Wynaut" index="0"><images/><stats hp="80" attack="20" defense="40" specAttack=" 20" specDefense="40" speed="20"/><types>Psychic</types><abilities>Shadow Tag</abilities><weakness type="Bug" mod="0"/><weakness type="Dark" mod="0"/><weakness type="Ghost" mod="0"/><height>0.6</height><weight>14.0</weight><formatted-height>0.6 m</formatted-height><formatted-weight>14.0 kg</formatted-weight></forme></formes></pokemon></pokedex>
