<pokedex><pokemon number="278" name="Wingull"><description rank="0">It soars high in the sky, riding on updrafts like a glider. It carries food tucked in its bill.</description><genders>Male,Female</genders><species>Seagull</species><evolution pattern="2" position="0">278,279</evolution><formes><forme name="Wingull" index="0"><images/><stats hp="20" attack="20" defense="20" specAttack=" 40" specDefense="20" speed="80"/><types>Water,Flying</types><abilities>Keen Eye</abilities><weakness type="Electric" mod="1"/><weakness type="Rock" mod="0"/><height>0.6</height><weight>9.5</weight><formatted-height>0.6 m</formatted-height><formatted-weight>9.5 kg</formatted-weight></forme></formes></pokemon></pokedex>
