<pokedex><pokemon number="470" name="Leafeon"><description rank="0">It basically does not fight. With cells similar to those of plants, it can perform photosynthesis.</description><genders>Male,Female</genders><species>Verdant</species><evolution pattern="9" position="5">133,134,136,197,471,470,196,135</evolution><formes><forme name="Leafeon" index="0"><images/><stats hp="40" attack="100" defense="100" specAttack=" 60" specDefense="40" speed="80"/><types>Grass</types><abilities>Leaf Guard</abilities><weakness type="Bug" mod="0"/><weakness type="Fire" mod="0"/><weakness type="Flying" mod="0"/><weakness type="Ice" mod="0"/><weakness type="Poison" mod="0"/><height>1.0</height><weight>25.5</weight><formatted-height>1.0 m</formatted-height><formatted-weight>25.5 kg</formatted-weight></forme></formes></pokemon></pokedex>
