<pokedex><pokemon number="403" name="Shinx"><description rank="0">The extension and contraction of its muscles generates electricity. It glows when in trouble.</description><genders>Male,Female</genders><species>Flash</species><evolution pattern="5" position="0">403,404,405</evolution><formes><forme name="Shinx" index="0"><images/><stats hp="40" attack="60" defense="40" specAttack=" 40" specDefense="20" speed="40"/><types>Electric</types><abilities>Intimidate,Rivalry</abilities><weakness type="Ground" mod="0"/><height>0.5</height><weight>9.5</weight><formatted-height>0.5 m</formatted-height><formatted-weight>9.5 kg</formatted-weight></forme></formes></pokemon></pokedex>
