<pokedex><pokemon number="430" name="Honchkrow"><description rank="0">If one utters a deep cry, many Murkrow gather quickly. For this, it is called &quot;Summoner of Night.&quot;</description><genders>Male,Female</genders><species>Big Boss</species><evolution pattern="2" position="1">198,430</evolution><formes><forme name="Honchkrow" index="0"><images/><stats hp="80" attack="100" defense="40" specAttack=" 100" specDefense="40" speed="60"/><types>Dark,Flying</types><abilities>Insomnia,Super Luck</abilities><weakness type="Electric" mod="0"/><weakness type="Ice" mod="0"/><weakness type="Rock" mod="0"/><height>0.9</height><weight>27.3</weight><formatted-height>0.9 m</formatted-height><formatted-weight>27.3 kg</formatted-weight></forme></formes></pokemon></pokedex>
