<pokedex><pokemon number="542" name="Leavanny"><description rank="0">Upon finding a small Pokémon, it weaves clothing for it from leaves, using the cutters on its arms and sticky silk.</description><description rank="1">It keeps its eggs warm with heat from fermenting leaves. It also uses leaves to make warm wrappings for Sewaddle.</description><genders>Male,Female</genders><species>Nurturing</species><evolution pattern="5" position="2">540,541,542</evolution><formes><forme name="Leavanny" index="0"><images/><stats hp="60" attack="80" defense="60" specAttack=" 60" specDefense="60" speed="80"/><types>Bug,Grass</types><abilities>Chlorophyll,Swarm</abilities><weakness type="Fire" mod="1"/><weakness type="Flying" mod="1"/><weakness type="Ice" mod="0"/><weakness type="Poison" mod="0"/><weakness type="Bug" mod="0"/><weakness type="Rock" mod="0"/><height>1.2</height><weight>20.5</weight><formatted-height>1.2 m</formatted-height><formatted-weight>20.5 kg</formatted-weight></forme></formes></pokemon></pokedex>
