<pokedex><pokemon number="465" name="Tangrowth"><description rank="0">Its arms are made of plants that bind themselves to things. They grow back right away if cut.</description><genders>Male,Female</genders><species>Vine</species><evolution pattern="2" position="1">114,465</evolution><formes><forme name="Tangrowth" index="0"><images/><stats hp="80" attack="80" defense="100" specAttack=" 100" specDefense="40" speed="40"/><types>Grass</types><abilities>Chlorophyll,Leaf Guard</abilities><weakness type="Bug" mod="0"/><weakness type="Fire" mod="0"/><weakness type="Flying" mod="0"/><weakness type="Ice" mod="0"/><weakness type="Poison" mod="0"/><height>2.0</height><weight>128.6</weight><formatted-height>2.0 m</formatted-height><formatted-weight>128.6 kg</formatted-weight></forme></formes></pokemon></pokedex>
