<pokedex><pokemon number="254" name="Sceptile"><description rank="0">The leaves that grow on its arms can slice down thick trees. It is without peer in jungle combat.</description><genders>Male,Female</genders><species>Forest</species><evolution pattern="5" position="2">252,253,254</evolution><formes><forme name="Sceptile" index="0"><images/><stats hp="60" attack="80" defense="60" specAttack=" 100" specDefense="60" speed="100"/><types>Grass</types><abilities>Overgrow</abilities><weakness type="Bug" mod="0"/><weakness type="Fire" mod="0"/><weakness type="Flying" mod="0"/><weakness type="Ice" mod="0"/><weakness type="Poison" mod="0"/><height>1.7</height><weight>52.2</weight><formatted-height>1.7 m</formatted-height><formatted-weight>52.2 kg</formatted-weight></forme></formes></pokemon></pokedex>
