<pokedex><pokemon number="373" name="Salamence"><description rank="0">As a result of its long-held dream of flying, its cellular structure changed, and wings grew out.</description><genders>Male,Female</genders><species>Dragon</species><evolution pattern="5" position="2">371,372,373</evolution><formes><forme name="Salamence" index="0"><images/><stats hp="80" attack="120" defense="60" specAttack=" 100" specDefense="60" speed="80"/><types>Dragon,Flying</types><abilities>Intimidate</abilities><weakness type="Ice" mod="1"/><weakness type="Dragon" mod="0"/><weakness type="Rock" mod="0"/><height>1.5</height><weight>102.6</weight><formatted-height>1.5 m</formatted-height><formatted-weight>102.6 kg</formatted-weight></forme></formes></pokemon></pokedex>
