<pokedex><pokemon number="61" name="Poliwhirl"><description rank="0">The spiral pattern on its belly subtly undulates. Staring at it gradually causes drowsiness.</description><genders>Male,Female</genders><species>Tadpole</species><evolution pattern="4" position="1">60,61,62,186</evolution><formes><forme name="Poliwhirl" index="0"><images/><stats hp="40" attack="60" defense="60" specAttack=" 40" specDefense="40" speed="80"/><types>Water</types><abilities>Damp,Water Absorb</abilities><weakness type="Electric" mod="0"/><weakness type="Grass" mod="0"/><height>1.0</height><weight>20.0</weight><formatted-height>1.0 m</formatted-height><formatted-weight>20.0 kg</formatted-weight></forme></formes></pokemon></pokedex>
