<pokedex><pokemon number="190" name="Aipom"><description rank="0">It lives high among the treetops. It can use its tail as freely and cleverly as its hands.</description><genders>Male,Female</genders><species>Long Tail</species><evolution pattern="2" position="0">190,424</evolution><formes><forme name="Aipom" index="0"><images/><stats hp="40" attack="60" defense="40" specAttack=" 40" specDefense="40" speed="80"/><types>Normal</types><abilities>Pickup,Run Away</abilities><weakness type="Fighting" mod="0"/><height>0.8</height><weight>11.5</weight><formatted-height>0.8 m</formatted-height><formatted-weight>11.5 kg</formatted-weight></forme></formes></pokemon></pokedex>
