<pokedex><pokemon number="468" name="Togekiss"><description rank="0">It shares many blessings with people who respect one another&#39;s rights and avoid needless strife.</description><genders>Male,Female</genders><species>Jubilee</species><evolution pattern="5" position="2">175,176,468</evolution><formes><forme name="Togekiss" index="0"><images/><stats hp="60" attack="40" defense="80" specAttack=" 100" specDefense="100" speed="80"/><types>Normal,Flying</types><abilities>Hustle,Serene Grace</abilities><weakness type="Electric" mod="0"/><weakness type="Ice" mod="0"/><weakness type="Rock" mod="0"/><height>1.5</height><weight>38.0</weight><formatted-height>1.5 m</formatted-height><formatted-weight>38.0 kg</formatted-weight></forme></formes></pokemon></pokedex>
