<pokedex><pokemon number="27" name="Sandshrew"><description rank="0">To protect itself from attackers, it curls up into a ball. It lives in arid regions with minimal rainfall.</description><genders>Male,Female</genders><species>Mouse</species><evolution pattern="2" position="0">27,28</evolution><formes><forme name="Sandshrew" index="0"><images/><stats hp="40" attack="60" defense="60" specAttack=" 20" specDefense="20" speed="40"/><types>Ground</types><abilities>Sand Veil</abilities><weakness type="Grass" mod="0"/><weakness type="Ice" mod="0"/><weakness type="Water" mod="0"/><height>0.6</height><weight>12.0</weight><formatted-height>0.6 m</formatted-height><formatted-weight>12.0 kg</formatted-weight></forme></formes></pokemon></pokedex>
