<pokedex><pokemon number="252" name="Treecko"><description rank="0">The soles of its feet are covered by countless tiny spikes, enabling it to walk on walls and ceilings.</description><genders>Male,Female</genders><species>Wood Gecko</species><evolution pattern="5" position="0">252,253,254</evolution><formes><forme name="Treecko" index="0"><images/><stats hp="20" attack="40" defense="40" specAttack=" 60" specDefense="40" speed="60"/><types>Grass</types><abilities>Overgrow</abilities><weakness type="Bug" mod="0"/><weakness type="Fire" mod="0"/><weakness type="Flying" mod="0"/><weakness type="Ice" mod="0"/><weakness type="Poison" mod="0"/><height>0.5</height><weight>5.0</weight><formatted-height>0.5 m</formatted-height><formatted-weight>5.0 kg</formatted-weight></forme></formes></pokemon></pokedex>
