<pokedex><pokemon number="642" name="Thundurus"><description rank="0">Countless charred remains mar the landscape of places through which Thundurus has passed.</description><description rank="1">The spikes on its tail discharge immense bolts of lightning. It flies around the Unova region firing off lightning bolts.</description><genders>Male</genders><species>Bolt Strike</species><evolution pattern="1" position="0">642</evolution><formes><forme name="INCARNATE FORME" index="0"><images/><stats hp="60" attack="100" defense="60" specAttack=" 100" specDefense="60" speed="100"/><types>Electric,Flying</types><abilities>Prankster</abilities><weakness type="Ice" mod="0"/><weakness type="Rock" mod="0"/><height>1.5</height><weight>61.0</weight><formatted-height>1.5 m</formatted-height><formatted-weight>61.0 kg</formatted-weight></forme><forme name="Therian Forme" index="1"><images/><stats hp="60" attack="100" defense="60" specAttack=" 120" specDefense="60" speed="100"/><types>Flying,Electric</types><abilities>Volt Absorb</abilities><weakness type="Rock" mod="0"/><weakness type="Ice" mod="0"/><height>3.0</height><weight>61.0</weight><formatted-height>3.0 m</formatted-height><formatted-weight>61.0 kg</formatted-weight></forme></formes></pokemon></pokedex>
