<pokedex><pokemon number="105" name="Marowak"><description rank="0">From its birth, this savage Pokémon constantly holds bones. It is skilled in using them as weapons.</description><genders>Male,Female</genders><species>Bone Keeper</species><evolution pattern="2" position="1">104,105</evolution><formes><forme name="Marowak" index="0"><images/><stats hp="40" attack="60" defense="80" specAttack=" 40" specDefense="60" speed="40"/><types>Ground</types><abilities>Lightningrod,Rock Head</abilities><weakness type="Grass" mod="0"/><weakness type="Ice" mod="0"/><weakness type="Water" mod="0"/><height>1.0</height><weight>45.0</weight><formatted-height>1.0 m</formatted-height><formatted-weight>45.0 kg</formatted-weight></forme></formes></pokemon></pokedex>
