<pokedex><pokemon number="193" name="Yanma"><description rank="0">It can hover in one spot by flapping its wings at high speed. It flits about to guard its territory.</description><genders>Male,Female</genders><species>Clear Wing</species><evolution pattern="2" position="0">193,469</evolution><formes><forme name="Yanma" index="0"><images/><stats hp="40" attack="60" defense="40" specAttack=" 60" specDefense="40" speed="80"/><types>Bug,Flying</types><abilities>Compound Eyes,Speed Boost</abilities><weakness type="Rock" mod="1"/><weakness type="Electric" mod="0"/><weakness type="Fire" mod="0"/><weakness type="Flying" mod="0"/><weakness type="Ice" mod="0"/><height>1.2</height><weight>38.0</weight><formatted-height>1.2 m</formatted-height><formatted-weight>38.0 kg</formatted-weight></forme></formes></pokemon></pokedex>
