<pokedex><pokemon number="283" name="Surskit"><description rank="0">It appears as if it is skating on water. It draws prey with a sweet scent from the tip of its head.</description><genders>Male,Female</genders><species>Pond Skater</species><evolution pattern="2" position="0">283,284</evolution><formes><forme name="Surskit" index="0"><images/><stats hp="20" attack="20" defense="20" specAttack=" 40" specDefense="40" speed="60"/><types>Bug,Water</types><abilities>Swift Swim</abilities><weakness type="Electric" mod="0"/><weakness type="Flying" mod="0"/><weakness type="Rock" mod="0"/><height>0.5</height><weight>1.7</weight><formatted-height>0.5 m</formatted-height><formatted-weight>1.7 kg</formatted-weight></forme></formes></pokemon></pokedex>
