<pokedex><pokemon number="89" name="Muk"><description rank="0">A toxic fluid seeps from its body. The fluid instantly kills plants and trees on contact.</description><genders>Male,Female</genders><species>Sludge</species><evolution pattern="2" position="1">88,89</evolution><formes><forme name="Muk" index="0"><images/><stats hp="80" attack="80" defense="60" specAttack=" 60" specDefense="80" speed="40"/><types>Poison</types><abilities>Stench,Sticky Hold</abilities><weakness type="Ground" mod="0"/><weakness type="Psychic" mod="0"/><height>1.2</height><weight>30.0</weight><formatted-height>1.2 m</formatted-height><formatted-weight>30.0 kg</formatted-weight></forme></formes></pokemon></pokedex>
