<pokedex><pokemon number="113" name="Chansey"><description rank="0">A kindly Pokémon that lays highly nutritious eggs and shares them with injured Pokémon or people.</description><genders>Female</genders><species>Egg</species><evolution pattern="5" position="1">440,113,242</evolution><formes><forme name="Chansey" index="0"><images/><stats hp="120" attack="20" defense="20" specAttack=" 20" specDefense="80" speed="40"/><types>Normal</types><abilities>Natural Cure,Serene Grace</abilities><weakness type="Fighting" mod="0"/><height>1.1</height><weight>34.6</weight><formatted-height>1.1 m</formatted-height><formatted-weight>34.6 kg</formatted-weight></forme></formes></pokemon></pokedex>
