<pokedex><pokemon number="34" name="Nidoking"><description rank="0">One swing of its mighty tail can snap a telephone pole as if it were a matchstick.</description><genders>Male</genders><species>Drill</species><evolution pattern="5" position="2">32,33,34</evolution><formes><forme name="Nidoking" index="0"><images/><stats hp="60" attack="80" defense="60" specAttack=" 80" specDefense="60" speed="80"/><types>Poison,Ground</types><abilities>Poison Point,Rivalry</abilities><weakness type="Ground" mod="0"/><weakness type="Ice" mod="0"/><weakness type="Psychic" mod="0"/><weakness type="Water" mod="0"/><height>1.4</height><weight>62.0</weight><formatted-height>1.4 m</formatted-height><formatted-weight>62.0 kg</formatted-weight></forme></formes></pokemon></pokedex>
