<pokedex><pokemon number="132" name="Ditto"><description rank="0">It has the ability to reconstitute its entire cellular structure to transform into whatever it sees.</description><genders></genders><species>Transform</species><evolution pattern="1" position="0">132</evolution><formes><forme name="Ditto" index="0"><images/><stats hp="40" attack="40" defense="40" specAttack=" 40" specDefense="40" speed="40"/><types>Normal</types><abilities>Limber</abilities><weakness type="Fighting" mod="0"/><height>0.3</height><weight>4.0</weight><formatted-height>0.3 m</formatted-height><formatted-weight>4.0 kg</formatted-weight></forme></formes></pokemon></pokedex>
