<pokedex><pokemon number="163" name="Hoothoot"><description rank="0">It marks time precisely. Some countries consider it to be a wise friend, versed in the world&#39;s ways.</description><genders>Male,Female</genders><species>Owl</species><evolution pattern="2" position="0">163,164</evolution><formes><forme name="Hoothoot" index="0"><images/><stats hp="40" attack="20" defense="20" specAttack=" 20" specDefense="40" speed="40"/><types>Normal,Flying</types><abilities>Insomnia,Keen Eye</abilities><weakness type="Electric" mod="0"/><weakness type="Ice" mod="0"/><weakness type="Rock" mod="0"/><height>0.7</height><weight>21.2</weight><formatted-height>0.7 m</formatted-height><formatted-weight>21.2 kg</formatted-weight></forme></formes></pokemon></pokedex>
