<pokedex><pokemon number="347" name="Anorith"><description rank="0">A Pokémon ancestor that was reanimated from a fossil. It lived in the sea and hunted with claws.</description><genders>Male,Female</genders><species>Old Shrimp</species><evolution pattern="2" position="0">347,348</evolution><formes><forme name="Anorith" index="0"><images/><stats hp="40" attack="80" defense="40" specAttack=" 40" specDefense="40" speed="60"/><types>Rock,Bug</types><abilities>Battle Armor</abilities><weakness type="Rock" mod="0"/><weakness type="Steel" mod="0"/><weakness type="Water" mod="0"/><height>0.7</height><weight>12.5</weight><formatted-height>0.7 m</formatted-height><formatted-weight>12.5 kg</formatted-weight></forme></formes></pokemon></pokedex>
