<pokedex><pokemon number="267" name="Beautifly"><description rank="0">Despite its looks, it is aggressive. It jabs with its long, thin mouth if disturbed while collecting pollen.</description><genders>Male,Female</genders><species>Butterfly</species><evolution pattern="7" position="2">265,266,267,268,269</evolution><formes><forme name="Beautifly" index="0"><images/><stats hp="40" attack="60" defense="40" specAttack=" 80" specDefense="40" speed="60"/><types>Bug,Flying</types><abilities>Swarm</abilities><weakness type="Rock" mod="1"/><weakness type="Electric" mod="0"/><weakness type="Fire" mod="0"/><weakness type="Flying" mod="0"/><weakness type="Ice" mod="0"/><height>1.0</height><weight>28.4</weight><formatted-height>1.0 m</formatted-height><formatted-weight>28.4 kg</formatted-weight></forme></formes></pokemon></pokedex>
