<pokedex><pokemon number="296" name="Makuhita"><description rank="0">It toughens its body by slamming into thick trees. Many snapped trees can be found near its nest.</description><genders>Male,Female</genders><species>Guts</species><evolution pattern="2" position="0">296,297</evolution><formes><forme name="Makuhita" index="0"><images/><stats hp="60" attack="60" defense="20" specAttack=" 20" specDefense="20" speed="20"/><types>Fighting</types><abilities>Guts,Thick Fat</abilities><weakness type="Flying" mod="0"/><weakness type="Psychic" mod="0"/><height>1.0</height><weight>86.4</weight><formatted-height>1.0 m</formatted-height><formatted-weight>86.4 kg</formatted-weight></forme></formes></pokemon></pokedex>
