<pokedex><pokemon number="96" name="Drowzee"><description rank="0">It can tell what people are dreaming by sniffing with its big nose. It loves fun dreams.</description><genders>Male,Female</genders><species>Hypnosis</species><evolution pattern="2" position="0">96,97</evolution><formes><forme name="Drowzee" index="0"><images/><stats hp="40" attack="40" defense="40" specAttack=" 40" specDefense="80" speed="40"/><types>Psychic</types><abilities>Forewarn,Insomnia</abilities><weakness type="Bug" mod="0"/><weakness type="Dark" mod="0"/><weakness type="Ghost" mod="0"/><height>1.0</height><weight>32.4</weight><formatted-height>1.0 m</formatted-height><formatted-weight>32.4 kg</formatted-weight></forme></formes></pokemon></pokedex>
