<pokedex><pokemon number="52" name="Meowth"><description rank="0">It is nocturnal in nature. If it spots something shiny, its eyes glitter brightly.</description><genders>Male,Female</genders><species>Scratch Cat</species><evolution pattern="2" position="0">52,53</evolution><formes><forme name="Meowth" index="0"><images/><stats hp="20" attack="40" defense="40" specAttack=" 40" specDefense="20" speed="80"/><types>Normal</types><abilities>Pickup,Technician</abilities><weakness type="Fighting" mod="0"/><height>0.4</height><weight>4.2</weight><formatted-height>0.4 m</formatted-height><formatted-weight>4.2 kg</formatted-weight></forme></formes></pokemon></pokedex>
