<pokedex><pokemon number="362" name="Glalie"><description rank="0">It prevents prey from escaping by instantaneously freezing moisture in the air.</description><genders>Male,Female</genders><species>Face</species><evolution pattern="3" position="1">361,362,478</evolution><formes><forme name="Glalie" index="0"><images/><stats hp="60" attack="60" defense="60" specAttack=" 80" specDefense="60" speed="80"/><types>Ice</types><abilities>Ice Body,Inner Focus</abilities><weakness type="Fire" mod="0"/><weakness type="Fighting" mod="0"/><weakness type="Rock" mod="0"/><weakness type="Steel" mod="0"/><height>1.5</height><weight>256.5</weight><formatted-height>1.5 m</formatted-height><formatted-weight>256.5 kg</formatted-weight></forme></formes></pokemon></pokedex>
