<pokedex><pokemon number="404" name="Luxio"><description rank="0">Strong electricity courses through the tips of its sharp claws. A light scratch causes fainting in foes.</description><genders>Male,Female</genders><species>Spark</species><evolution pattern="5" position="1">403,404,405</evolution><formes><forme name="Luxio" index="0"><images/><stats hp="40" attack="80" defense="40" specAttack=" 60" specDefense="40" speed="60"/><types>Electric</types><abilities>Intimidate,Rivalry</abilities><weakness type="Ground" mod="0"/><height>0.9</height><weight>30.5</weight><formatted-height>0.9 m</formatted-height><formatted-weight>30.5 kg</formatted-weight></forme></formes></pokemon></pokedex>
