<pokedex><pokemon number="584" name="Vanilluxe"><description rank="0">Swallowing large amounts of water, they make snow clouds inside their bodies and attack their foes with violent blizzards.</description><description rank="1">If both heads get angry simultaneously, this Pokémon expels a blizzard, burying everything in snow.</description><genders>Male,Female</genders><species>Snowstorm</species><evolution pattern="5" position="2">582,583,584</evolution><formes><forme name="Vanilluxe" index="0"><images/><stats hp="60" attack="80" defense="60" specAttack=" 100" specDefense="80" speed="80"/><types>Ice</types><abilities>Ice Body</abilities><weakness type="Fire" mod="0"/><weakness type="Fighting" mod="0"/><weakness type="Rock" mod="0"/><weakness type="Steel" mod="0"/><height>1.3</height><weight>57.5</weight><formatted-height>1.3 m</formatted-height><formatted-weight>57.5 kg</formatted-weight></forme></formes></pokemon></pokedex>
