<pokedex><pokemon number="30" name="Nidorina"><description rank="0">When it senses danger, it raises all the barbs on its body. These barbs grow slower than Nidorino&#39;s.</description><genders>Female</genders><species>Poison Pin</species><evolution pattern="5" position="1">29,30,31</evolution><formes><forme name="Nidorina" index="0"><images/><stats hp="60" attack="60" defense="60" specAttack=" 40" specDefense="40" speed="60"/><types>Poison</types><abilities>Poison Point,Rivalry</abilities><weakness type="Ground" mod="0"/><weakness type="Psychic" mod="0"/><height>0.8</height><weight>20.0</weight><formatted-height>0.8 m</formatted-height><formatted-weight>20.0 kg</formatted-weight></forme></formes></pokemon></pokedex>
