<pokedex><pokemon number="8" name="Wartortle"><description rank="0">It is said to live 10,000 years. Its furry tail is popular as a symbol of longevity.</description><genders>Male,Female</genders><species>Turtle</species><evolution pattern="5" position="1">7,8,9</evolution><formes><forme name="Wartortle" index="0"><images/><stats hp="40" attack="60" defense="60" specAttack=" 60" specDefense="60" speed="60"/><types>Water</types><abilities>Torrent</abilities><weakness type="Electric" mod="0"/><weakness type="Grass" mod="0"/><height>1.0</height><weight>22.5</weight><formatted-height>1.0 m</formatted-height><formatted-weight>22.5 kg</formatted-weight></forme></formes></pokemon></pokedex>
