<pokedex><pokemon number="223" name="Remoraid"><description rank="0">It forcefully squirts water. The water jet never misses prey even if the Remoraid is deep in the sea.</description><genders>Male,Female</genders><species>Jet</species><evolution pattern="2" position="0">223,224</evolution><formes><forme name="Remoraid" index="0"><images/><stats hp="20" attack="60" defense="40" specAttack=" 60" specDefense="20" speed="60"/><types>Water</types><abilities>Hustle,Sniper</abilities><weakness type="Electric" mod="0"/><weakness type="Grass" mod="0"/><height>0.6</height><weight>12.0</weight><formatted-height>0.6 m</formatted-height><formatted-weight>12.0 kg</formatted-weight></forme></formes></pokemon></pokedex>
