<pokedex><pokemon number="381" name="Latios"><description rank="0">A highly intelligent Pokémon. By folding back its wings in flight, it can overtake jet planes.</description><genders>Male</genders><species>Eon</species><evolution pattern="1" position="0">381</evolution><formes><forme name="Latios" index="0"><images/><stats hp="60" attack="80" defense="60" specAttack=" 120" specDefense="80" speed="100"/><types>Dragon,Psychic</types><abilities>Levitate</abilities><weakness type="Bug" mod="0"/><weakness type="Dark" mod="0"/><weakness type="Dragon" mod="0"/><weakness type="Ghost" mod="0"/><weakness type="Ice" mod="0"/><height>2.0</height><weight>60.0</weight><formatted-height>2.0 m</formatted-height><formatted-weight>60.0 kg</formatted-weight></forme></formes></pokemon></pokedex>
