<pokedex><pokemon number="624" name="Pawniard"><description rank="0">Blades comprise this Pokémon&#39;s entire body. If battling dulls the blades, it sharpens them on stones by the river.</description><description rank="1">They fight at Bisharp&#39;s command. They cling to their prey and inflict damage by sinking their blades into it.</description><genders>Male,Female</genders><species>Sharp Blade</species><evolution pattern="2" position="0">624,625</evolution><formes><forme name="Pawniard" index="0"><images/><stats hp="40" attack="80" defense="60" specAttack=" 40" specDefense="20" speed="60"/><types>Dark,Steel</types><abilities>Defiant,Inner Focus</abilities><weakness type="Fighting" mod="1"/><weakness type="Fire" mod="0"/><weakness type="Ground" mod="0"/><height>0.5</height><weight>10.2</weight><formatted-height>0.5 m</formatted-height><formatted-weight>10.2 kg</formatted-weight></forme></formes></pokemon></pokedex>
