<pokedex><pokemon number="477" name="Dusknoir"><description rank="0">It is said to take lost spirits into its pliant body and guide them home.</description><genders>Male,Female</genders><species>Gripper</species><evolution pattern="5" position="2">355,356,477</evolution><formes><forme name="Dusknoir" index="0"><images/><stats hp="40" attack="80" defense="100" specAttack=" 60" specDefense="120" speed="40"/><types>Ghost</types><abilities>Pressure</abilities><weakness type="Dark" mod="0"/><weakness type="Ghost" mod="0"/><height>2.2</height><weight>106.6</weight><formatted-height>2.2 m</formatted-height><formatted-weight>106.6 kg</formatted-weight></forme></formes></pokemon></pokedex>
