<pokedex><pokemon number="623" name="Golurk"><description rank="0">It flies across the sky at Mach speeds. Removing the seal on its chest makes its internal energy go out of control.</description><description rank="1">It is said that Golurk were ordered to protect people and Pokémon by the ancient people who made them.</description><genders></genders><species>Automaton</species><evolution pattern="2" position="1">622,623</evolution><formes><forme name="Golurk Pokémon" index="0"><images/><stats hp="60" attack="100" defense="60" specAttack=" 40" specDefense="60" speed="60"/><types>Ground,Ghost</types><abilities>Iron Fist,Klutz</abilities><weakness type="Water" mod="0"/><weakness type="Grass" mod="0"/><weakness type="Ice" mod="0"/><weakness type="Ghost" mod="0"/><weakness type="Dark" mod="0"/><height>2.8</height><weight>330.0</weight><formatted-height>2.8 m</formatted-height><formatted-weight>330.0 kg</formatted-weight></forme></formes></pokemon></pokedex>
