<pokedex><pokemon number="55" name="Golduck"><description rank="0">It is seen swimming dynamically and elegantly using its well-developed limbs and flippers.</description><genders>Male,Female</genders><species>Duck</species><evolution pattern="2" position="1">54,55</evolution><formes><forme name="Golduck" index="0"><images/><stats hp="60" attack="60" defense="60" specAttack=" 80" specDefense="60" speed="80"/><types>Water</types><abilities>Cloud Nine,Damp</abilities><weakness type="Electric" mod="0"/><weakness type="Grass" mod="0"/><height>1.7</height><weight>76.6</weight><formatted-height>1.7 m</formatted-height><formatted-weight>76.6 kg</formatted-weight></forme></formes></pokemon></pokedex>
