<pokedex><pokemon number="194" name="Wooper"><description rank="0">When walking on land, it covers its body with a poisonous film that keeps its skin from dehydrating.</description><genders>Male,Female</genders><species>Water Fish</species><evolution pattern="2" position="0">194,195</evolution><formes><forme name="Wooper" index="0"><images/><stats hp="40" attack="40" defense="40" specAttack=" 20" specDefense="20" speed="20"/><types>Water,Ground</types><abilities>Damp,Water Absorb</abilities><weakness type="Grass" mod="1"/><height>0.4</height><weight>8.5</weight><formatted-height>0.4 m</formatted-height><formatted-weight>8.5 kg</formatted-weight></forme></formes></pokemon></pokedex>
