<pokedex><pokemon number="292" name="Shedinja"><description rank="0">A discarded bug shell that came to life. Peering into the crack on its back is said to steal one&#39;s spirit.</description><genders></genders><species>Shed</species><evolution pattern="3" position="2">290,291,292</evolution><formes><forme name="Shedinja" index="0"><images/><stats hp="20" attack="80" defense="40" specAttack=" 20" specDefense="20" speed="40"/><types>Bug,Ghost</types><abilities>Wonder Guard</abilities><weakness type="Dark" mod="0"/><weakness type="Fire" mod="0"/><weakness type="Flying" mod="0"/><weakness type="Ghost" mod="0"/><weakness type="Rock" mod="0"/><height>0.8</height><weight>1.2</weight><formatted-height>0.8 m</formatted-height><formatted-weight>1.2 kg</formatted-weight></forme></formes></pokemon></pokedex>
