<pokedex><pokemon number="142" name="Aerodactyl"><description rank="0">A Pokémon that roamed the skies in the dinosaur era. Its teeth are like saw blades.</description><genders>Male,Female</genders><species>Fossil</species><evolution pattern="1" position="0">142</evolution><formes><forme name="Aerodactyl" index="0"><images/><stats hp="60" attack="80" defense="60" specAttack=" 60" specDefense="60" speed="120"/><types>Rock,Flying</types><abilities>Pressure,Rock Head</abilities><weakness type="Electric" mod="0"/><weakness type="Ice" mod="0"/><weakness type="Rock" mod="0"/><weakness type="Steel" mod="0"/><weakness type="Water" mod="0"/><height>1.8</height><weight>59.0</weight><formatted-height>1.8 m</formatted-height><formatted-weight>59.0 kg</formatted-weight></forme></formes></pokemon></pokedex>
