<pokedex><pokemon number="203" name="Girafarig"><description rank="0">The head on its tail contains a small brain. It can instinctively fight even while facing backward.</description><genders>Male,Female</genders><species>Long Neck</species><evolution pattern="1" position="0">203</evolution><formes><forme name="Girafarig" index="0"><images/><stats hp="60" attack="60" defense="60" specAttack=" 80" specDefense="40" speed="80"/><types>Normal,Psychic</types><abilities>Early Bird,Inner Focus</abilities><weakness type="Bug" mod="0"/><weakness type="Dark" mod="0"/><height>1.5</height><weight>41.5</weight><formatted-height>1.5 m</formatted-height><formatted-weight>41.5 kg</formatted-weight></forme></formes></pokemon></pokedex>
