<pokedex><pokemon number="156" name="Quilava"><description rank="0">It intimidates foes with the heat of its flames. The fire burns more strongly when it readies to fight.</description><genders>Male,Female</genders><species>Volcano</species><evolution pattern="5" position="1">155,156,157</evolution><formes><forme name="Quilava" index="0"><images/><stats hp="40" attack="60" defense="40" specAttack=" 80" specDefense="40" speed="80"/><types>Fire</types><abilities>Blaze</abilities><weakness type="Ground" mod="0"/><weakness type="Rock" mod="0"/><weakness type="Water" mod="0"/><height>0.9</height><weight>19.0</weight><formatted-height>0.9 m</formatted-height><formatted-weight>19.0 kg</formatted-weight></forme></formes></pokemon></pokedex>
