<pokedex><pokemon number="73" name="Tentacruel"><description rank="0">It extends its 80 tentacles to form an encircling poisonous net that is difficult to escape.</description><genders>Male,Female</genders><species>Jellyfish</species><evolution pattern="2" position="1">72,73</evolution><formes><forme name="Tentacruel" index="0"><images/><stats hp="60" attack="60" defense="60" specAttack=" 80" specDefense="100" speed="80"/><types>Water,Poison</types><abilities>Clear Body,Liquid Ooze</abilities><weakness type="Electric" mod="0"/><weakness type="Ground" mod="0"/><weakness type="Psychic" mod="0"/><height>1.6</height><weight>55.0</weight><formatted-height>1.6 m</formatted-height><formatted-weight>55.0 kg</formatted-weight></forme></formes></pokemon></pokedex>
