<pokedex><pokemon number="391" name="Monferno"><description rank="0">It skillfully controls the intensity of the fire on its tail to keep its foes at an ideal distance.</description><genders>Male,Female</genders><species>Playful</species><evolution pattern="5" position="1">390,391,392</evolution><formes><forme name="Monferno" index="0"><images/><stats hp="40" attack="60" defense="40" specAttack=" 60" specDefense="40" speed="80"/><types>Fire,Fighting</types><abilities>Blaze</abilities><weakness type="Flying" mod="0"/><weakness type="Ground" mod="0"/><weakness type="Psychic" mod="0"/><weakness type="Water" mod="0"/><height>0.9</height><weight>22.0</weight><formatted-height>0.9 m</formatted-height><formatted-weight>22.0 kg</formatted-weight></forme></formes></pokemon></pokedex>
