<pokedex><pokemon number="538" name="Throh"><description rank="0">When it tightens its belt, it becomes stronger. Wild Throh use vines to weave their own belts.</description><description rank="1">When they encounter foes bigger than themselves, they try to throw them. They always travel in packs of five.</description><genders>Male</genders><species>Judo</species><evolution pattern="1" position="0">538</evolution><formes><forme name="Throh" index="0"><images/><stats hp="100" attack="80" defense="60" specAttack=" 20" specDefense="60" speed="40"/><types>Fighting</types><abilities>Guts,Inner Focus</abilities><weakness type="Flying" mod="0"/><weakness type="Psychic" mod="0"/><height>1.3</height><weight>55.5</weight><formatted-height>1.3 m</formatted-height><formatted-weight>55.5 kg</formatted-weight></forme></formes></pokemon></pokedex>
