<pokedex><pokemon number="537" name="Seismitoad"><description rank="0">They shoot paralyzing liquid from their head bumps. They use vibration to hurt their opponents.</description><description rank="1">It increases the power of its punches by vibrating the bumps on its fists. It can turn a boulder to rubble with one punch.</description><genders>Male,Female</genders><species>Vibration</species><evolution pattern="5" position="2">535,536,537</evolution><formes><forme name="Seismitoad" index="0"><images/><stats hp="80" attack="80" defense="60" specAttack=" 80" specDefense="60" speed="60"/><types>Water,Ground</types><abilities>Poison Touch,Swift Swim</abilities><weakness type="Grass" mod="1"/><height>1.5</height><weight>62.0</weight><formatted-height>1.5 m</formatted-height><formatted-weight>62.0 kg</formatted-weight></forme></formes></pokemon></pokedex>
