<pokedex><pokemon number="455" name="Carnivine"><description rank="0">It binds itself to trees in marshes. It attracts prey with its sweet- smelling drool and gulps them down.</description><genders>Male,Female</genders><species>Bug Catcher</species><evolution pattern="1" position="0">455</evolution><formes><forme name="Carnivine" index="0"><images/><stats hp="60" attack="80" defense="60" specAttack=" 80" specDefense="60" speed="40"/><types>Grass</types><abilities>Levitate</abilities><weakness type="Bug" mod="0"/><weakness type="Fire" mod="0"/><weakness type="Flying" mod="0"/><weakness type="Ice" mod="0"/><weakness type="Poison" mod="0"/><height>1.4</height><weight>27.0</weight><formatted-height>1.4 m</formatted-height><formatted-weight>27.0 kg</formatted-weight></forme></formes></pokemon></pokedex>
