<pokedex><pokemon number="431" name="Glameow"><description rank="0">It hides its spiteful tendency of hooking its claws into the nose of its Trainer if it isn&#39;t fed.</description><genders>Male,Female</genders><species>Catty</species><evolution pattern="2" position="0">431,432</evolution><formes><forme name="Glameow" index="0"><images/><stats hp="40" attack="40" defense="40" specAttack=" 40" specDefense="20" speed="80"/><types>Normal</types><abilities>Limber,Own Tempo</abilities><weakness type="Fighting" mod="0"/><height>0.5</height><weight>3.9</weight><formatted-height>0.5 m</formatted-height><formatted-weight>3.9 kg</formatted-weight></forme></formes></pokemon></pokedex>
