<pokedex><pokemon number="152" name="Chikorita"><description rank="0">It uses the leaf on its head to determine the temperature and humidity. It loves to sunbathe.</description><genders>Male,Female</genders><species>Leaf</species><evolution pattern="5" position="0">152,153,154</evolution><formes><forme name="Chikorita" index="0"><images/><stats hp="40" attack="40" defense="60" specAttack=" 40" specDefense="40" speed="40"/><types>Grass</types><abilities>Overgrow</abilities><weakness type="Bug" mod="0"/><weakness type="Fire" mod="0"/><weakness type="Flying" mod="0"/><weakness type="Ice" mod="0"/><weakness type="Poison" mod="0"/><height>0.9</height><weight>6.4</weight><formatted-height>0.9 m</formatted-height><formatted-weight>6.4 kg</formatted-weight></forme></formes></pokemon></pokedex>
