<pokedex><pokemon number="95" name="Onix"><description rank="0">It burrows through the ground at a speed of 50 mph while feeding on large boulders.</description><genders>Male,Female</genders><species>Rock Snake</species><evolution pattern="2" position="0">95,208</evolution><formes><forme name="Onix" index="0"><images/><stats hp="20" attack="40" defense="120" specAttack=" 20" specDefense="40" speed="60"/><types>Rock,Ground</types><abilities>Rock Head,Sturdy</abilities><weakness type="Grass" mod="1"/><weakness type="Water" mod="1"/><weakness type="Fighting" mod="0"/><weakness type="Ground" mod="0"/><weakness type="Ice" mod="0"/><weakness type="Steel" mod="0"/><height>8.8</height><weight>210.0</weight><formatted-height>8.8 m</formatted-height><formatted-weight>210.0 kg</formatted-weight></forme></formes></pokemon></pokedex>
