<pokedex><pokemon number="181" name="Ampharos"><description rank="0">The tip of its tail shines brightly. In the olden days, people sent signals using the tail&#39;s light.</description><genders>Male,Female</genders><species>Light</species><evolution pattern="5" position="2">179,180,181</evolution><formes><forme name="Ampharos" index="0"><images/><stats hp="60" attack="60" defense="60" specAttack=" 100" specDefense="80" speed="60"/><types>Electric</types><abilities>Static</abilities><weakness type="Ground" mod="0"/><height>1.4</height><weight>61.5</weight><formatted-height>1.4 m</formatted-height><formatted-weight>61.5 kg</formatted-weight></forme></formes></pokemon></pokedex>
