<pokedex><pokemon number="244" name="Entei"><description rank="0">It is said that when it roars, a volcano erupts somewhere around the globe.</description><genders></genders><species>Volcano</species><evolution pattern="1" position="0">244</evolution><formes><forme name="Entei" index="0"><images/><stats hp="80" attack="100" defense="60" specAttack=" 80" specDefense="60" speed="80"/><types>Fire</types><abilities>Pressure</abilities><weakness type="Ground" mod="0"/><weakness type="Rock" mod="0"/><weakness type="Water" mod="0"/><height>2.1</height><weight>198.0</weight><formatted-height>2.1 m</formatted-height><formatted-weight>198.0 kg</formatted-weight></forme></formes></pokemon></pokedex>
