<pokedex><pokemon number="2" name="Ivysaur"><description rank="0">When the bud on its back starts swelling, a sweet aroma wafts to indicate the flower&#39;s coming bloom.</description><genders>Male,Female</genders><species>Seed</species><evolution pattern="5" position="1">1,2,3</evolution><formes><forme name="Ivysaur" index="0"><images/><stats hp="40" attack="60" defense="60" specAttack=" 80" specDefense="60" speed="60"/><types>Grass,Poison</types><abilities>Overgrow</abilities><weakness type="Fire" mod="0"/><weakness type="Flying" mod="0"/><weakness type="Ice" mod="0"/><weakness type="Psychic" mod="0"/><height>1.0</height><weight>13.0</weight><formatted-height>1.0 m</formatted-height><formatted-weight>13.0 kg</formatted-weight></forme></formes></pokemon></pokedex>
