<pokedex><pokemon number="472" name="Gliscor"><description rank="0">If it succeeds in catching even a faint breeze properly, it can circle the globe without flapping once.</description><genders>Male,Female</genders><species>Fang Scorp</species><evolution pattern="2" position="1">207,472</evolution><formes><forme name="Gliscor" index="0"><images/><stats hp="60" attack="80" defense="100" specAttack=" 40" specDefense="60" speed="80"/><types>Ground,Flying</types><abilities>Hyper Cutter,Sand Veil</abilities><weakness type="Ice" mod="1"/><weakness type="Water" mod="0"/><height>2.0</height><weight>42.5</weight><formatted-height>2.0 m</formatted-height><formatted-weight>42.5 kg</formatted-weight></forme></formes></pokemon></pokedex>
