<pokedex><pokemon number="319" name="Sharpedo"><description rank="0">Its fangs rip through sheet iron. It swims at 75 mph and is known as &quot;The Bully of the Sea.&quot;</description><genders>Male,Female</genders><species>Brutal</species><evolution pattern="2" position="1">318,319</evolution><formes><forme name="Sharpedo" index="0"><images/><stats hp="60" attack="100" defense="40" specAttack=" 80" specDefense="20" speed="80"/><types>Water,Dark</types><abilities>Rough Skin</abilities><weakness type="Bug" mod="0"/><weakness type="Electric" mod="0"/><weakness type="Fighting" mod="0"/><weakness type="Grass" mod="0"/><height>1.8</height><weight>88.8</weight><formatted-height>1.8 m</formatted-height><formatted-weight>88.8 kg</formatted-weight></forme></formes></pokemon></pokedex>
