<pokedex><pokemon number="14" name="Kakuna"><description rank="0">While awaiting evolution, it hides from predators under leaves and in nooks of branches.</description><genders>Male,Female</genders><species>Cocoon</species><evolution pattern="5" position="1">13,14,15</evolution><formes><forme name="Kakuna" index="0"><images/><stats hp="40" attack="20" defense="40" specAttack=" 20" specDefense="20" speed="40"/><types>Bug,Poison</types><abilities>Shed Skin</abilities><weakness type="Fire" mod="0"/><weakness type="Flying" mod="0"/><weakness type="Psychic" mod="0"/><weakness type="Rock" mod="0"/><height>0.6</height><weight>10.0</weight><formatted-height>0.6 m</formatted-height><formatted-weight>10.0 kg</formatted-weight></forme></formes></pokemon></pokedex>
