<pokedex><pokemon number="511" name="Pansage"><description rank="0">This Pokémon dwells deep in the forest. Eating a leaf from its head whisks weariness away as if by magic.</description><description rank="1">It shares the leaf on its head with weary-looking Pokémon. These leaves are known to relieve stress.</description><genders>Male,Female</genders><species>Grass Monkey</species><evolution pattern="2" position="0">511,512</evolution><formes><forme name="Pansage Pokémon" index="0"><images/><stats hp="40" attack="40" defense="40" specAttack=" 40" specDefense="40" speed="60"/><types>Grass</types><abilities>Gluttony</abilities><weakness type="Fire" mod="0"/><weakness type="Ice" mod="0"/><weakness type="Poison" mod="0"/><weakness type="Flying" mod="0"/><weakness type="Bug" mod="0"/><height>0.6</height><weight>10.5</weight><formatted-height>0.6 m</formatted-height><formatted-weight>10.5 kg</formatted-weight></forme></formes></pokemon></pokedex>
