<pokedex><pokemon number="474" name="Porygon-Z"><description rank="0">Its programming was modified to enable work in alien dimensions. It did not work as planned.</description><genders></genders><species>Virtual</species><evolution pattern="5" position="2">137,233,474</evolution><formes><forme name="Porygon-Z" index="0"><images/><stats hp="60" attack="60" defense="60" specAttack=" 120" specDefense="60" speed="80"/><types>Normal</types><abilities>Adaptability,Download</abilities><weakness type="Fighting" mod="0"/><height>0.9</height><weight>34.0</weight><formatted-height>0.9 m</formatted-height><formatted-weight>34.0 kg</formatted-weight></forme></formes></pokemon></pokedex>
