<pokedex><pokemon number="263" name="Zigzagoon"><description rank="0">It walks in zigzag fashion. It is good at finding items in the grass and even in the ground.</description><genders>Male,Female</genders><species>Tinyraccoon</species><evolution pattern="2" position="0">263,264</evolution><formes><forme name="Zigzagoon" index="0"><images/><stats hp="20" attack="20" defense="40" specAttack=" 20" specDefense="20" speed="60"/><types>Normal</types><abilities>Gluttony,Pickup</abilities><weakness type="Fighting" mod="0"/><height>0.4</height><weight>17.5</weight><formatted-height>0.4 m</formatted-height><formatted-weight>17.5 kg</formatted-weight></forme></formes></pokemon></pokedex>
