<pokedex><pokemon number="39" name="Jigglypuff"><description rank="0">When it wavers its big, round eyes, it begins singing a lullaby that makes everyone drowsy.</description><genders>Male,Female</genders><species>Balloon</species><evolution pattern="5" position="1">174,39,40</evolution><formes><forme name="Jigglypuff" index="0"><images/><stats hp="80" attack="40" defense="20" specAttack=" 40" specDefense="20" speed="20"/><types>Normal</types><abilities>Cute Charm</abilities><weakness type="Fighting" mod="0"/><height>0.5</height><weight>5.5</weight><formatted-height>0.5 m</formatted-height><formatted-weight>5.5 kg</formatted-weight></forme></formes></pokemon></pokedex>
