<pokedex><pokemon number="21" name="Spearow"><description rank="0">It flaps its small wings busily to fly. Using its beak, it searches in grass for prey.</description><genders>Male,Female</genders><species>Tiny Bird</species><evolution pattern="2" position="0">21,22</evolution><formes><forme name="Spearow" index="0"><images/><stats hp="20" attack="60" defense="20" specAttack=" 20" specDefense="20" speed="60"/><types>Normal,Flying</types><abilities>Keen Eye</abilities><weakness type="Electric" mod="0"/><weakness type="Ice" mod="0"/><weakness type="Rock" mod="0"/><height>0.3</height><weight>2.0</weight><formatted-height>0.3 m</formatted-height><formatted-weight>2.0 kg</formatted-weight></forme></formes></pokemon></pokedex>
