<pokedex><pokemon number="279" name="Pelipper"><description rank="0">It is a messenger of the skies, carrying small Pokémon and eggs to safety in its bill.</description><genders>Male,Female</genders><species>Water Bird</species><evolution pattern="2" position="1">278,279</evolution><formes><forme name="Pelipper" index="0"><images/><stats hp="40" attack="40" defense="80" specAttack=" 80" specDefense="60" speed="60"/><types>Water,Flying</types><abilities>Keen Eye</abilities><weakness type="Electric" mod="1"/><weakness type="Rock" mod="0"/><height>1.2</height><weight>28.0</weight><formatted-height>1.2 m</formatted-height><formatted-weight>28.0 kg</formatted-weight></forme></formes></pokemon></pokedex>
