<pokedex><pokemon number="355" name="Duskull"><description rank="0">It loves the crying of children. It startles bad kids by passing through walls and making them cry.</description><genders>Male,Female</genders><species>Requiem</species><evolution pattern="5" position="0">355,356,477</evolution><formes><forme name="Duskull" index="0"><images/><stats hp="20" attack="40" defense="80" specAttack=" 20" specDefense="80" speed="20"/><types>Ghost</types><abilities>Levitate</abilities><weakness type="Dark" mod="0"/><weakness type="Ghost" mod="0"/><height>0.8</height><weight>15.0</weight><formatted-height>0.8 m</formatted-height><formatted-weight>15.0 kg</formatted-weight></forme></formes></pokemon></pokedex>
