<pokedex><pokemon number="600" name="Klang"><description rank="0">By changing the direction in which it rotates, it communicates its feelings to others. When angry, it rotates faster.</description><description rank="1">Spinning minigears are rotated at high speed and repeatedly fired away. It is dangerous if the gears don&#39;t return.</description><genders></genders><species>Gear</species><evolution pattern="5" position="1">599,600,601</evolution><formes><forme name="Klang" index="0"><images/><stats hp="40" attack="60" defense="80" specAttack=" 60" specDefense="60" speed="40"/><types>Steel</types><abilities>Minus,Plus</abilities><weakness type="Fire" mod="0"/><weakness type="Fighting" mod="0"/><weakness type="Ground" mod="0"/><height>0.6</height><weight>51.0</weight><formatted-height>0.6 m</formatted-height><formatted-weight>51.0 kg</formatted-weight></forme></formes></pokemon></pokedex>
