<pokedex><pokemon number="335" name="Zangoose"><description rank="0">It has feuded with Seviper for many generations. Its sharp claws are its biggest weapons.</description><genders>Male,Female</genders><species>Cat Ferret</species><evolution pattern="1" position="0">335</evolution><formes><forme name="Zangoose" index="0"><images/><stats hp="60" attack="100" defense="40" specAttack=" 60" specDefense="40" speed="80"/><types>Normal</types><abilities>Immunity</abilities><weakness type="Fighting" mod="0"/><height>1.3</height><weight>40.3</weight><formatted-height>1.3 m</formatted-height><formatted-weight>40.3 kg</formatted-weight></forme></formes></pokemon></pokedex>
