<pokedex><pokemon number="580" name="Ducklett"><description rank="0">These bird Pokémon are excellent divers. They swim around in the water eating their favorite food--peat moss.</description><description rank="1">When attacked, it uses its feathers to splash water, escaping under cover of the spray.</description><genders>Male,Female</genders><species>Water Bird</species><evolution pattern="2" position="0">580,581</evolution><formes><forme name="Ducklett" index="0"><images/><stats hp="40" attack="40" defense="40" specAttack=" 40" specDefense="40" speed="60"/><types>Water,Flying</types><abilities>Big Pecks,Keen Eye</abilities><weakness type="Electric" mod="1"/><weakness type="Rock" mod="0"/><height>0.5</height><weight>5.5</weight><formatted-height>0.5 m</formatted-height><formatted-weight>5.5 kg</formatted-weight></forme></formes></pokemon></pokedex>
