<pokedex><pokemon number="276" name="Taillow"><description rank="0">It has a gutsy spirit that makes it bravely take on tough foes. It flies in search of warm climates.</description><genders>Male,Female</genders><species>Tinyswallow</species><evolution pattern="2" position="0">276,277</evolution><formes><forme name="Taillow" index="0"><images/><stats hp="20" attack="40" defense="20" specAttack=" 20" specDefense="20" speed="80"/><types>Normal,Flying</types><abilities>Guts</abilities><weakness type="Electric" mod="0"/><weakness type="Ice" mod="0"/><weakness type="Rock" mod="0"/><height>0.3</height><weight>2.3</weight><formatted-height>0.3 m</formatted-height><formatted-weight>2.3 kg</formatted-weight></forme></formes></pokemon></pokedex>
