<pokedex><pokemon number="439" name="Mime Jr."><description rank="0">It mimics the expressions and motions of those it sees to understand the feelings of others.</description><genders>Male,Female</genders><species>Mime</species><evolution pattern="2" position="0">439,122</evolution><formes><forme name="Mime Jr." index="0"><images/><stats hp="20" attack="20" defense="40" specAttack=" 60" specDefense="80" speed="60"/><types>Psychic</types><abilities>Filter,Soundproof</abilities><weakness type="Bug" mod="0"/><weakness type="Dark" mod="0"/><weakness type="Ghost" mod="0"/><height>0.6</height><weight>13.0</weight><formatted-height>0.6 m</formatted-height><formatted-weight>13.0 kg</formatted-weight></forme></formes></pokemon></pokedex>
