<pokedex><pokemon number="253" name="Grovyle"><description rank="0">It lives in dense jungles. While  closing in on its prey, it leaps from branch to branch.</description><genders>Male,Female</genders><species>Wood Gecko</species><evolution pattern="5" position="1">252,253,254</evolution><formes><forme name="Grovyle" index="0"><images/><stats hp="40" attack="60" defense="40" specAttack=" 80" specDefense="40" speed="80"/><types>Grass</types><abilities>Overgrow</abilities><weakness type="Bug" mod="0"/><weakness type="Fire" mod="0"/><weakness type="Flying" mod="0"/><weakness type="Ice" mod="0"/><weakness type="Poison" mod="0"/><height>0.9</height><weight>21.6</weight><formatted-height>0.9 m</formatted-height><formatted-weight>21.6 kg</formatted-weight></forme></formes></pokemon></pokedex>
