<pokedex><pokemon number="392" name="Infernape"><description rank="0">It uses unique fighting moves with fire on its hands and feet. It will take on any opponent.</description><genders>Male,Female</genders><species>Flame</species><evolution pattern="5" position="2">390,391,392</evolution><formes><forme name="Infernape" index="0"><images/><stats hp="60" attack="80" defense="60" specAttack=" 100" specDefense="60" speed="100"/><types>Fire,Fighting</types><abilities>Blaze</abilities><weakness type="Flying" mod="0"/><weakness type="Ground" mod="0"/><weakness type="Psychic" mod="0"/><weakness type="Water" mod="0"/><height>1.2</height><weight>55.0</weight><formatted-height>1.2 m</formatted-height><formatted-weight>55.0 kg</formatted-weight></forme></formes></pokemon></pokedex>
