<pokedex><pokemon number="74" name="Geodude"><description rank="0">At rest, it looks just like a rock. Carelessly stepping on it will make it swing its fists angrily.</description><genders>Male,Female</genders><species>Rock</species><evolution pattern="5" position="0">74,75,76</evolution><formes><forme name="Geodude" index="0"><images/><stats hp="20" attack="60" defense="80" specAttack=" 20" specDefense="20" speed="20"/><types>Rock,Ground</types><abilities>Rock Head,Sturdy</abilities><weakness type="Grass" mod="1"/><weakness type="Water" mod="1"/><weakness type="Fighting" mod="0"/><weakness type="Ground" mod="0"/><weakness type="Ice" mod="0"/><weakness type="Steel" mod="0"/><height>0.4</height><weight>20.0</weight><formatted-height>0.4 m</formatted-height><formatted-weight>20.0 kg</formatted-weight></forme></formes></pokemon></pokedex>
