<pokedex><pokemon number="602" name="Tynamo"><description rank="0">While one alone doesn&#39;t have much power, a chain of many Tynamo can be as powerful as lightning.</description><description rank="1">These Pokémon move in schools. They have an electricity-generating organ, so they discharge electricity if in danger.</description><genders>Male,Female</genders><species>EleFish</species><evolution pattern="5" position="0">602,603,604</evolution><formes><forme name="Tynamo Pokémon" index="0"><images/><stats hp="20" attack="40" defense="40" specAttack=" 40" specDefense="20" speed="60"/><types>Electric</types><abilities>Levitate</abilities><height>0.2</height><weight>0.3</weight><formatted-height>0.2 m</formatted-height><formatted-weight>0.3 kg</formatted-weight></forme></formes></pokemon></pokedex>
