<pokedex><pokemon number="65" name="Alakazam"><description rank="0">The spoons clutched in its hands are said to have been created by its psychic powers.</description><genders>Male,Female</genders><species>Psi</species><evolution pattern="5" position="2">63,64,65</evolution><formes><forme name="Alakazam" index="0"><images/><stats hp="40" attack="40" defense="40" specAttack=" 120" specDefense="60" speed="100"/><types>Psychic</types><abilities>Inner Focus,Synchronize</abilities><weakness type="Bug" mod="0"/><weakness type="Dark" mod="0"/><weakness type="Ghost" mod="0"/><height>1.5</height><weight>48.0</weight><formatted-height>1.5 m</formatted-height><formatted-weight>48.0 kg</formatted-weight></forme></formes></pokemon></pokedex>
