<pokedex><pokemon number="609" name="Chandelure"><description rank="0">It absorbs a spirit, which it then burns. By waving the flames on its arms, it puts its foes into a hypnotic trance.</description><description rank="1">Being consumed in Chandelure&#39;s flame burns up the spirit, leaving the body behind.</description><genders>Male,Female</genders><species>Luring</species><evolution pattern="5" position="2">607,608,609</evolution><formes><forme name="Chandelure" index="0"><images/><stats hp="40" attack="40" defense="80" specAttack=" 120" specDefense="80" speed="80"/><types>Ghost,Fire</types><abilities>Flame Body,Flash Fire</abilities><weakness type="Water" mod="0"/><weakness type="Ground" mod="0"/><weakness type="Rock" mod="0"/><weakness type="Ghost" mod="0"/><weakness type="Dark" mod="0"/><height>1.0</height><weight>34.3</weight><formatted-height>1.0 m</formatted-height><formatted-weight>34.3 kg</formatted-weight></forme></formes></pokemon></pokedex>
