<pokedex><pokemon number="637" name="Volcarona"><description rank="0">When volcanic ash darkened the atmosphere, it is said that Volcarona&#39;s fire provided a replacement for the sun.</description><description rank="1">A sea of fire engulfs the surroundings of their battles, since they use their six wings to scatter their ember scales.</description><genders>Male,Female</genders><species>Sun</species><evolution pattern="2" position="1">636,637</evolution><formes><forme name="Volcarona Pokémon" index="0"><images/><stats hp="60" attack="60" defense="60" specAttack=" 120" specDefense="80" speed="80"/><types>Bug,Fire</types><abilities>Flame Body</abilities><weakness type="Rock" mod="1"/><weakness type="Water" mod="0"/><weakness type="Flying" mod="0"/><height>1.6</height><weight>46.0</weight><formatted-height>1.6 m</formatted-height><formatted-weight>46.0 kg</formatted-weight></forme></formes></pokemon></pokedex>
