<pokedex><pokemon number="370" name="Luvdisc"><description rank="0">It lives in warm seas. It is said that a couple finding this Pokémon will be blessed with eternal love.</description><genders>Male,Female</genders><species>Rendezvous</species><evolution pattern="1" position="0">370</evolution><formes><forme name="Luvdisc" index="0"><images/><stats hp="40" attack="20" defense="40" specAttack=" 40" specDefense="40" speed="80"/><types>Water</types><abilities>Swift Swim</abilities><weakness type="Electric" mod="0"/><weakness type="Grass" mod="0"/><height>0.6</height><weight>8.7</weight><formatted-height>0.6 m</formatted-height><formatted-weight>8.7 kg</formatted-weight></forme></formes></pokemon></pokedex>
