<pokedex><pokemon number="301" name="Delcatty"><description rank="0">It is highly popular among female Trainers for its sublime fur. It does not keep a nest.</description><genders>Male,Female</genders><species>Prim</species><evolution pattern="2" position="1">300,301</evolution><formes><forme name="Delcatty" index="0"><images/><stats hp="60" attack="60" defense="60" specAttack=" 40" specDefense="40" speed="60"/><types>Normal</types><abilities>Cute Charm,Normalize</abilities><weakness type="Fighting" mod="0"/><height>1.1</height><weight>32.6</weight><formatted-height>1.1 m</formatted-height><formatted-weight>32.6 kg</formatted-weight></forme></formes></pokemon></pokedex>
