<pokedex><pokemon number="80" name="Slowbro"><description rank="0">Though usually dim witted, it seems to become inspired if the Shellder on its tail bites down.</description><genders>Male,Female</genders><species>Hermit Crab</species><evolution pattern="3" position="1">79,80,199</evolution><formes><forme name="Slowbro" index="0"><images/><stats hp="80" attack="60" defense="80" specAttack=" 80" specDefense="60" speed="20"/><types>Water,Psychic</types><abilities>Oblivious,Own Tempo</abilities><weakness type="Bug" mod="0"/><weakness type="Dark" mod="0"/><weakness type="Electric" mod="0"/><weakness type="Ghost" mod="0"/><weakness type="Grass" mod="0"/><height>1.6</height><weight>78.5</weight><formatted-height>1.6 m</formatted-height><formatted-weight>78.5 kg</formatted-weight></forme></formes></pokemon></pokedex>
