<pokedex><pokemon number="171" name="Lanturn"><description rank="0">Lanturn&#39;s light can shine up from great depths. It is nicknamed &quot;The Deep-Sea Star.&quot;</description><genders>Male,Female</genders><species>Light</species><evolution pattern="2" position="1">170,171</evolution><formes><forme name="Lanturn" index="0"><images/><stats hp="100" attack="40" defense="40" specAttack=" 60" specDefense="60" speed="60"/><types>Water,Electric</types><abilities>Illuminate,Volt Absorb</abilities><weakness type="Grass" mod="0"/><weakness type="Ground" mod="0"/><height>1.2</height><weight>22.5</weight><formatted-height>1.2 m</formatted-height><formatted-weight>22.5 kg</formatted-weight></forme></formes></pokemon></pokedex>
