<pokedex><pokemon number="631" name="Heatmor"><description rank="0">It breathes through a hole in its tail while it burns with an internal fire. Durant is its prey.</description><description rank="1">Using their very hot, flame-covered tongues, they burn through Durant&#39;s steel bodies and consume their insides.</description><genders>Male,Female</genders><species>Anteater</species><evolution pattern="1" position="0">631</evolution><formes><forme name="Heatmor Pokémon" index="0"><images/><stats hp="60" attack="80" defense="60" specAttack=" 100" specDefense="40" speed="60"/><types>Fire</types><abilities>Flash Fire,Gluttony</abilities><weakness type="Water" mod="0"/><weakness type="Ground" mod="0"/><weakness type="Rock" mod="0"/><height>1.4</height><weight>58.0</weight><formatted-height>1.4 m</formatted-height><formatted-weight>58.0 kg</formatted-weight></forme></formes></pokemon></pokedex>
