<pokedex><pokemon number="137" name="Porygon"><description rank="0">A man-made Pokémon created using advanced scientific means. It can move freely in cyberspace.</description><genders></genders><species>Virtual</species><evolution pattern="5" position="0">137,233,474</evolution><formes><forme name="Porygon" index="0"><images/><stats hp="40" attack="60" defense="60" specAttack=" 80" specDefense="60" speed="40"/><types>Normal</types><abilities>Download,Trace</abilities><weakness type="Fighting" mod="0"/><height>0.8</height><weight>36.5</weight><formatted-height>0.8 m</formatted-height><formatted-weight>36.5 kg</formatted-weight></forme></formes></pokemon></pokedex>
