<pokedex><pokemon number="221" name="Piloswine"><description rank="0">Covered by a shaggy coat, it is strong against the cold. Its tusks of ice thicken when it snows.</description><genders>Male,Female</genders><species>Swine</species><evolution pattern="5" position="1">220,221,473</evolution><formes><forme name="Piloswine" index="0"><images/><stats hp="80" attack="80" defense="60" specAttack=" 60" specDefense="40" speed="40"/><types>Ice,Ground</types><abilities>Oblivious,Snow Cloak</abilities><weakness type="Fighting" mod="0"/><weakness type="Fire" mod="0"/><weakness type="Grass" mod="0"/><weakness type="Steel" mod="0"/><weakness type="Water" mod="0"/><height>1.1</height><weight>55.8</weight><formatted-height>1.1 m</formatted-height><formatted-weight>55.8 kg</formatted-weight></forme></formes></pokemon></pokedex>
