<pokedex><pokemon number="102" name="Exeggcute"><description rank="0">Its six eggs converse using telepathy. They can quickly gather if they become separated.</description><genders>Male,Female</genders><species>Egg</species><evolution pattern="2" position="0">102,103</evolution><formes><forme name="Exeggcute" index="0"><images/><stats hp="40" attack="40" defense="60" specAttack=" 60" specDefense="40" speed="40"/><types>Grass,Psychic</types><abilities>Chlorophyll</abilities><weakness type="Bug" mod="1"/><weakness type="Dark" mod="0"/><weakness type="Fire" mod="0"/><weakness type="Flying" mod="0"/><weakness type="Ghost" mod="0"/><weakness type="Ice" mod="0"/><weakness type="Poison" mod="0"/><height>0.4</height><weight>2.5</weight><formatted-height>0.4 m</formatted-height><formatted-weight>2.5 kg</formatted-weight></forme></formes></pokemon></pokedex>
