<pokedex><pokemon number="272" name="Ludicolo"><description rank="0">If it hears festive music, all its muscles fill with energy. It can&#39;t help breaking out into a dance.</description><genders>Male,Female</genders><species>Carefree</species><evolution pattern="5" position="2">270,271,272</evolution><formes><forme name="Ludicolo" index="0"><images/><stats hp="60" attack="60" defense="60" specAttack=" 80" specDefense="80" speed="60"/><types>Water,Grass</types><abilities>Rain Dish,Swift Swim</abilities><weakness type="Bug" mod="0"/><weakness type="Flying" mod="0"/><weakness type="Poison" mod="0"/><height>1.5</height><weight>55.0</weight><formatted-height>1.5 m</formatted-height><formatted-weight>55.0 kg</formatted-weight></forme></formes></pokemon></pokedex>
