<pokedex><pokemon number="12" name="Butterfree"><description rank="0">It loves the honey of flowers and can locate flower patches that have even tiny amounts of pollen.</description><genders>Male,Female</genders><species>Butterfly</species><evolution pattern="5" position="2">10,11,12</evolution><formes><forme name="Butterfree" index="0"><images/><stats hp="40" attack="40" defense="40" specAttack=" 80" specDefense="60" speed="60"/><types>Bug,Flying</types><abilities>Compound Eyes</abilities><weakness type="Rock" mod="1"/><weakness type="Electric" mod="0"/><weakness type="Fire" mod="0"/><weakness type="Flying" mod="0"/><weakness type="Ice" mod="0"/><height>1.1</height><weight>32.0</weight><formatted-height>1.1 m</formatted-height><formatted-weight>32.0 kg</formatted-weight></forme></formes></pokemon></pokedex>
