<pokedex><pokemon number="268" name="Cascoon"><description rank="0">It never forgets any attack it endured while in the cocoon. After evolution, it seeks payback.</description><genders>Male,Female</genders><species>Cocoon</species><evolution pattern="7" position="3">265,266,267,268,269</evolution><formes><forme name="Cascoon" index="0"><images/><stats hp="40" attack="40" defense="40" specAttack=" 20" specDefense="20" speed="20"/><types>Bug</types><abilities>Shed Skin</abilities><weakness type="Fire" mod="0"/><weakness type="Flying" mod="0"/><weakness type="Rock" mod="0"/><height>0.7</height><weight>11.5</weight><formatted-height>0.7 m</formatted-height><formatted-weight>11.5 kg</formatted-weight></forme></formes></pokemon></pokedex>
