<pokedex><pokemon number="409" name="Rampardos"><description rank="0">If two were to smash their heads together, their foot-thick skulls would keep them from fainting.</description><genders>Male,Female</genders><species>Head Butt</species><evolution pattern="2" position="1">408,409</evolution><formes><forme name="Rampardos" index="0"><images/><stats hp="80" attack="120" defense="40" specAttack=" 60" specDefense="40" speed="60"/><types>Rock</types><abilities>Mold Breaker</abilities><weakness type="Fighting" mod="0"/><weakness type="Grass" mod="0"/><weakness type="Ground" mod="0"/><weakness type="Steel" mod="0"/><weakness type="Water" mod="0"/><height>1.6</height><weight>102.5</weight><formatted-height>1.6 m</formatted-height><formatted-weight>102.5 kg</formatted-weight></forme></formes></pokemon></pokedex>
