<pokedex><pokemon number="421" name="Cherrim"><description rank="0">If it senses strong sunlight, it opens its folded petals to absorb the sun&#39;s rays with its whole body.</description><genders>Male,Female</genders><species>Blossom</species><evolution pattern="2" position="1">420,421</evolution><formes><forme name="Cherrim" index="0"><images/><stats hp="60" attack="60" defense="60" specAttack=" 80" specDefense="60" speed="80"/><types>Grass</types><abilities>Flower Gift</abilities><weakness type="Bug" mod="0"/><weakness type="Fire" mod="0"/><weakness type="Flying" mod="0"/><weakness type="Ice" mod="0"/><weakness type="Poison" mod="0"/><height>0.5</height><weight>9.3</weight><formatted-height>0.5 m</formatted-height><formatted-weight>9.3 kg</formatted-weight></forme></formes></pokemon></pokedex>
